case_id,case_number,case_type,status,opened_date,closed_date,jurisdiction_location_id,description
7360101f-821c-418f-b537-fba32bdda3d7,FIR/LAS/2023/7924,theft,under_investigation,2023-12-07,,a1ac6dda-cf2b-4f37-b3bf-4697fe4e7bff,Unidentified miscreants broke into a locked residential flat in South Delhi and made off with gold ornaments and digital devices.
8635c239-221c-45f3-a247-da123a49d95b,FIR/EJA/2023/3419,theft,chargesheet_filed,2024-06-01,,c72b3670-988d-4140-b70e-75cb3ec17b11,"A commuter on a crowded local train in Mumbai reported the theft of a leather handbag containing cash, identity cards, and a smartphone."
a3564112-7366-4cf0-8605-72727f952eee,FIR/NAW/2023/5374,theft,closed,2023-12-28,2024-03-19,3bcf3cb2-15e9-4118-b082-241e75e7f818,Two individuals riding a motorcycle snatched a gold chain from a pedestrian walking along a busy commercial street in Bengaluru.
94fc8e84-b04d-490f-9dd9-031416438a20,FIR/ALA/2025/3661,theft,chargesheet_filed,2025-02-14,,399368c8-c978-469c-be30-609d71bcffc7,Unknown persons stole a parked motorcycle from outside a commercial complex located in the central business district of Pune.
a0f27f45-6c5f-4388-bcd0-6f0e9029384f,FIR/CHO/2025/6430,theft,convicted,2025-03-24,2025-04-15,3882bfc6-6f3e-42f1-acd5-875175110e2b,Shop staff in a crowded clothing store in Jaipur discovered that the cash drawer was forced open and daily collections were missing.
3a82c1ae-a3b5-48d9-b2fa-ffc1eb17c2b5,FIR/LUN/2025/7026,theft,convicted,2023-07-19,2024-06-24,d0184a09-161d-4442-9ae0-17c96fb4622e,A visiting tourist at a heritage site in Agra reported the theft of a backpack containing expensive camera equipment and travel documents.
a9e0d542-a33b-4de6-b8e3-992b4e3ef747,FIR/DHA/2024/8361,theft,chargesheet_filed,2025-01-29,,3a90b419-d49b-432d-b67f-8fef620d5ecd,Miscreants scaled the boundary wall of a warehouse on the outskirts of Hyderabad and stole several cartons of electronic goods.
9f427bfa-8665-4e04-a797-aa64f0aeb2eb,FIR/JAK/2025/9942,theft,closed,2024-10-02,2024-12-21,f77c2362-fa09-4024-9ad2-7cf845b2b17e,An elderly citizen waiting at a bus stop in Kolkata was targeted by a pickpocket who managed to extract a wallet from the victim's pocket.
75c64e2f-e37e-458f-a67f-eb11eb29a414,FIR/MUT/2025/1713,theft,chargesheet_filed,2023-07-31,,c0975979-9043-4963-855f-ca856764a207,Copper wiring and electrical fixtures were reported stolen from an under-construction apartment complex in Ahmedabad.
301336ef-cb38-46c3-a53a-34f87df3ac2c,FIR/DHA/2023/2022,theft,under_investigation,2024-01-30,,3a90b419-d49b-432d-b67f-8fef620d5ecd,"A delivery executive left his bicycle unlocked outside a grocery store in Chennai, and it was stolen within minutes."
94674567-5cc2-407e-b50e-cf7611569a4e,FIR/EJA/2024/6901,theft,convicted,2025-03-24,2025-03-28,c72b3670-988d-4140-b70e-75cb3ec17b11,Thieves broke the window of a parked car in a residential colony in Lucknow and stole a laptop bag kept on the back seat.
8196cbcd-91ff-4956-abac-be2324db4a11,FIR/SHA/2023/7841,theft,under_investigation,2023-11-14,,a67d384b-edfc-4caa-8a46-8b72e3208724,A resident of a housing society in Gurugram reported the theft of potted plants and decorative brass items kept outside the front door.
8254701c-2772-4620-955e-52b5344e6e10,FIR/LUN/2023/6739,theft,chargesheet_filed,2024-07-28,,d0184a09-161d-4442-9ae0-17c96fb4622e,Unidentified suspects posing as courier service personnel entered an office in Noida and stole a mobile phone from the reception desk.
9705a5fe-1971-4a9c-b93d-d28d4b7afd8c,FIR/SHA/2023/2029,theft,under_investigation,2023-08-12,,a67d384b-edfc-4caa-8a46-8b72e3208724,A bicycle parked inside the premises of an educational institution in Chandigarh went missing during morning lecture hours.
33c1ff2b-8608-413f-8733-80e420625fe5,FIR/HUN/2024/5324,theft,convicted,2023-12-29,2024-06-07,0f50f615-7033-4550-b3c0-1327c1c40070,"The lock of a small neighborhood provision store in Patna was broken overnight, and stock items along with the cash box were stolen."
4cac3177-7db9-4f88-bc52-ecba7be99fe6,FIR/LOK/2024/9653,theft,chargesheet_filed,2025-02-19,,44a689bd-ea9d-49fe-917d-79a7404e631f,A passenger traveling in an express train reported the theft of a trolley suitcase kept near the berth after the train crossed a junction.
45caf344-cb99-433f-9199-0154fb24f980,FIR/KAL/2023/6232,theft,under_investigation,2025-02-25,,1c6b2c51-aa55-4558-ae96-d1770fade444,Miscreants stole several meters of high-tension overhead copper cables in an industrial area on the outskirts of Bhopal.
87764c2f-9725-4c13-9168-95d25c3098e1,FIR/LAS/2024/1822,theft,convicted,2024-06-18,2024-11-10,a1ac6dda-cf2b-4f37-b3bf-4697fe4e7bff,A mobile phone was snatched from the hands of a commuter standing near the door of a moving metro train in Kochi.
f2f115ab-5b0b-4cdc-a136-b775845814d5,FIR/LUN/2025/1581,narcotics,closed,2025-03-31,2025-04-05,d0184a09-161d-4442-9ae0-17c96fb4622e,"Acting on a tip-off, Mumbai Anti-Narcotics Cell intercepted a vehicle near Mahim and recovered two kilograms of mephedrone, arresting the driver under the NDPS Act."
ea80813d-3659-4a06-a14c-a04d5d7bab41,FIR/NAW/2024/3226,narcotics,closed,2023-07-28,2025-03-03,3bcf3cb2-15e9-4118-b082-241e75e7f818,"Bangalore City Crime Branch raided a rented apartment in Koramangala, seizing 500 grams of MDMA pills and arresting two foreign nationals operating a local distribution network."
efb9f2ef-58c5-498e-8c7f-2d0aa5ead6b2,FIR/MUT/2024/9285,narcotics,under_investigation,2023-08-04,,c0975979-9043-4963-855f-ca856764a207,"During routine vehicle checking at a Delhi traffic checkpoint, police personnel recovered one kilogram of heroin concealed inside the spare tire of a commercial truck."
49a26a9f-b35f-4568-bb2e-17d99af060e0,FIR/ALA/2025/5688,narcotics,under_investigation,2024-11-12,,399368c8-c978-469c-be30-609d71bcffc7,"Hyderabad Prohibition and Excise department conducted a raid on a warehouse in Bowenpally, confiscating 100 kilograms of ganja intended for interstate trafficking."
ab8aa170-dc12-499a-bcc1-5b5db1816020,FIR/KAL/2024/7206,narcotics,chargesheet_filed,2024-06-28,,1c6b2c51-aa55-4558-ae96-d1770fade444,Chennai City Police arrested a local peddler near the railway station after finding 50 grams of brown sugar and digital weighing scales in his possession.
b9ceb3b1-3305-40af-a821-9e1abe3924c6,FIR/ALA/2023/3423,narcotics,convicted,2023-09-09,2024-02-12,399368c8-c978-469c-be30-609d71bcffc7,"Kolkata Police STF intercepted a courier parcel at a local hub originating from the northeast, seizing 10,000 Yaba tablets hidden within decorative wooden artifacts."
32e4d776-35df-4688-9259-7b74dd290ddc,FIR/DHA/2024/5200,narcotics,convicted,2025-03-19,2025-03-19,3a90b419-d49b-432d-b67f-8fef620d5ecd,"Pune Anti-Narcotics Cell raided a rooftop party in Koregaon Park, detaining several individuals and seizing small quantities of cocaine and charas for recreational use."
14734647-fde4-4e43-9b57-e5ed63d11d8b,FIR/DHA/2024/3385,narcotics,convicted,2025-01-25,2025-03-08,3a90b419-d49b-432d-b67f-8fef620d5ecd,Ahmedabad Crime Branch arrested a chemist shop owner for illegally selling prescription psychotropic substances without maintaining mandatory medical records.
11ab40eb-cfe5-44c7-9857-96a86a708aa2,FIR/NAW/2025/4526,narcotics,chargesheet_filed,2023-06-08,,3bcf3cb2-15e9-4118-b082-241e75e7f818,Jaipur Police intercepted a bus entering the city outskirts and apprehended a passenger carrying three kilograms of opium wrapped in traditional fabric bundles.
8e27cb1e-4acc-4c47-ba20-63020505ffb3,FIR/SHA/2024/3997,narcotics,convicted,2023-08-02,2024-12-26,a67d384b-edfc-4caa-8a46-8b72e3208724,"Goa Anti-Narcotics Cell conducted a beachside raid in Anjuna, arresting a local vendor found in possession of processed LSD blots and synthetic cannabis."
5eb57ea1-8ec6-4bc6-a73e-698dc4413def,FIR/NAW/2025/6163,extortion,chargesheet_filed,2023-08-21,,3bcf3cb2-15e9-4118-b082-241e75e7f818,The complainant reported receiving anonymous calls demanding five lakh rupees under threat of releasing morphed photographs to their employer in Mumbai.
419255c5-c457-4c9f-bcda-0a7c3d99e2ba,FIR/CHA/2023/9992,extortion,closed,2023-12-12,2024-10-08,b9753cbb-9cd4-451b-9705-22cc5bde2d04,A local businessman in Delhi was coerced into paying regular protection money to an organized extortion racket after his shop was vandalized.
37272ff5-5640-4079-b043-c1d98450a419,FIR/ALA/2024/1253,extortion,convicted,2024-05-25,2024-07-10,399368c8-c978-469c-be30-609d71bcffc7,Cyber cell registered a case where the victim was blackmailed through video recordings obtained via a malicious mobile application downloaded in Bangalore.
f41f2765-cf9f-4855-8144-45b8ff9a6801,FIR/SHA/2024/5492,extortion,chargesheet_filed,2024-06-17,,a67d384b-edfc-4caa-8a46-8b72e3208724,The accused intercepted a delivery truck in Jaipur and forced the driver to transfer funds digitally to avoid physical harm.
97dc9d85-ecad-4d07-91c0-9c19bd0144ba,FIR/LUN/2023/9345,extortion,chargesheet_filed,2024-12-11,,d0184a09-161d-4442-9ae0-17c96fb4622e,"An owner of a coaching institute in Patna received extortion letters containing live cartridges, demanding a heavy monthly levy for unhindered operations."
e0f34401-d8ee-4f29-8b34-fb6cb9dbcb2d,FIR/CHO/2023/9119,extortion,closed,2025-02-13,2025-05-01,3882bfc6-6f3e-42f1-acd5-875175110e2b,Two individuals were arrested in Chennai for blackmailing a real estate developer using fabricated documents regarding land ownership disputes.
a691f6e4-9bec-4abd-88c2-2fea613fd19e,FIR/KAL/2023/4361,extortion,chargesheet_filed,2023-12-21,,1c6b2c51-aa55-4558-ae96-d1770fade444,The victim was lured through a social media platform and subsequently held captive in an apartment in Hyderabad while extortionists demanded ransom from relatives.
965473d2-140c-4f93-a2ec-6146894edced,FIR/LAS/2023/8710,extortion,under_investigation,2025-01-24,,a1ac6dda-cf2b-4f37-b3bf-4697fe4e7bff,A hotel manager in Kolkata lodged a complaint stating that self-proclaimed union leaders demanded extortion payments under the threat of shutting down business.
c0ea810c-1a6d-4330-9d2d-894cdfcd94c3,FIR/NAW/2023/3843,fraud,convicted,2023-09-23,2024-11-16,3bcf3cb2-15e9-4118-b082-241e75e7f818,"The complainant reported a fraudulent online investment scheme where the accused promised high returns on cryptocurrency trading through a mobile application, resulting in a loss of fifteen lakh rupees."
38bb5ebe-c26e-4632-a696-4b08cde7d500,FIR/CHO/2024/1311,fraud,closed,2023-12-08,2024-10-20,3882bfc6-6f3e-42f1-acd5-875175110e2b,"An unidentified caller posing as a bank manager duped the elderly victim into sharing their debit card pin and one-time password, subsequently unauthorized withdrawals were made from the savings account."
8d69e809-8a79-4370-a7d0-bd7c123a3e84,FIR/CHA/2025/6871,fraud,convicted,2023-06-15,2023-11-29,b9753cbb-9cd4-451b-9705-22cc5bde2d04,The accused posted a fake advertisement on a classifieds portal for selling a second-hand motor vehicle and collected an advance booking amount from the buyer before disconnecting all communication.
673c1159-8176-4463-a908-3063d6a97c7e,FIR/DHA/2023/7248,fraud,under_investigation,2024-03-18,,3a90b419-d49b-432d-b67f-8fef620d5ecd,"A fake job placement agency in Connaught Place collected registration and interview fees from multiple job seekers under the pretext of securing employment abroad, then closed their office."
b04f472f-93fd-4a6b-8abb-36524d29067d,FIR/SIN/2025/8479,fraud,closed,2024-11-29,2025-05-04,d890e6e8-e9d5-40b8-8d55-7f7573bd97a1,"The victim received an SMS containing a malicious link regarding electricity bill payment dues; after clicking the link and entering credentials, funds were siphoned off via multiple UPI transactions."
b40ffe3f-7b22-4fc2-ad82-854a15595c6e,FIR/DHA/2023/5527,fraud,under_investigation,2023-11-11,,3a90b419-d49b-432d-b67f-8fef620d5ecd,"An organized syndicate manufactured and distributed counterfeit branded consumer goods in wholesale markets, causing massive financial losses to the original manufacturing corporation."
8422232b-9b55-439a-a473-50bab3845213,FIR/LAS/2023/5484,fraud,chargesheet_filed,2024-09-10,,a1ac6dda-cf2b-4f37-b3bf-4697fe4e7bff,The accused forged property ownership documents and sold a residential plot in a prime locality to the unsuspecting buyer by impersonating the actual landowner.
70c465ea-b32c-4aa7-8a20-0758ae82c763,FIR/ALA/2025/3435,fraud,closed,2024-12-16,2024-12-30,399368c8-c978-469c-be30-609d71bcffc7,"A fraudulent matrimonial profile was created by the accused to build a romantic relationship with the victim, eventually extracting funds under the guise of medical emergencies."
f9579609-ea16-4437-99df-151a38229587,FIR/EJA/2024/3141,fraud,chargesheet_filed,2024-01-10,,c72b3670-988d-4140-b70e-75cb3ec17b11,The merchant fell victim to a QR code scam where a customer sent a morphed payment success notification screenshot instead of actual money for high-value electronic goods.
89169038-b73b-4600-82fd-827b23d0e61c,FIR/HUN/2024/6683,fraud,closed,2024-07-23,2024-08-20,0f50f615-7033-4550-b3c0-1327c1c40070,Employees of a call center made international phone calls defrauding foreign nationals by posing as tax authority representatives and demanding immediate settlement fines through gift cards.
202ccf11-52fd-4d1f-bbda-29b19449433b,FIR/LAS/2023/8701,fraud,closed,2025-01-14,2025-03-28,a1ac6dda-cf2b-4f37-b3bf-4697fe4e7bff,The cooperative society's accountant embezzled funds from member accounts over two years by manipulating ledger entries and generating fake audit reports.
2adc778d-6d21-47d6-8531-dfa3fdaddb72,FIR/KAL/2024/3562,fraud,closed,2024-11-28,2025-03-06,1c6b2c51-aa55-4558-ae96-d1770fade444,A fake loan approval portal charged processing fees and insurance amounts from applicants but failed to disburse any loan amounts as promised in the advertisement.
596b1ac0-3292-44c3-ac53-3ae829304d9a,FIR/ALA/2024/7134,fraud,closed,2024-07-06,2024-07-16,399368c8-c978-469c-be30-609d71bcffc7,"The victim was added to a suspicious WhatsApp trading group where manipulated stock market tips were shared, leading to heavy investments in shell company shares orchestrated by the fraudsters."
fe7c5723-8d27-4ddc-8eb0-64e713c21db7,FIR/CHA/2023/7496,fraud,under_investigation,2023-09-20,,b9753cbb-9cd4-451b-9705-22cc5bde2d04,"An insurance agent collected premium renewal amounts in cash from elderly policyholders for years but never deposited the money into the actual insurance company accounts, issuing forged receipts instead."
8008ee93-44d6-4865-9243-01d56758fcc2,FIR/SIN/2024/5666,fraud,chargesheet_filed,2024-11-24,,d890e6e8-e9d5-40b8-8d55-7f7573bd97a1,The e-commerce seller received a fake return request where the buyer replaced a high-end smartphone with a dummy device and initiated a courier return to claim a full refund.
1c52f04b-b4a4-44c7-8647-210bd32ea55b,FIR/ALA/2025/1519,fraud,under_investigation,2024-12-17,,399368c8-c978-469c-be30-609d71bcffc7,"A fraudulent tour and travel agency booked dummy hotel rooms and flight tickets for a family vacation package, leaving the travelers stranded at the airport with invalid reservations."
b160cdd1-b9ed-49d9-88ed-fb396eafe986,FIR/LAS/2025/3912,cybercrime,chargesheet_filed,2024-09-17,,a1ac6dda-cf2b-4f37-b3bf-4697fe4e7bff,The complainant in Mumbai reported losing 4.5 lakh rupees after downloading a remote access application upon instructions from a fake customer support representative.
9aee112e-fb58-4439-be6c-d646e9df16a2,FIR/CHO/2023/1434,cybercrime,chargesheet_filed,2023-09-03,,3882bfc6-6f3e-42f1-acd5-875175110e2b,"A Bengaluru-based IT professional fell victim to a part-time job scam on Telegram, transferring funds across multiple UPI handles for purported task completions with false high returns."
81f0a7ee-8c13-458b-a5b1-a51f344e19b4,FIR/SHA/2023/9385,cybercrime,under_investigation,2023-11-24,,a67d384b-edfc-4caa-8a46-8b72e3208724,Cyber police in Hyderabad registered an FIR regarding unauthorized withdrawals from a senior citizen's bank account following receipt of a fraudulent KYC expiration text message.
ccaf96a0-e148-4313-9d29-ab057a8be0dd,FIR/JAK/2024/8861,cybercrime,closed,2023-11-05,2024-02-24,f77c2362-fa09-4024-9ad2-7cf845b2b17e,The Chennai cyber cell received a complaint about morphed images of a college student being circulated on Instagram along with defamatory text and extortion demands.
ea122104-1cc3-4838-b3fe-5b2b918cad8b,FIR/DHA/2023/9235,cybercrime,chargesheet_filed,2024-01-24,,3a90b419-d49b-432d-b67f-8fef620d5ecd,A Pune resident lost life savings to an investment fraud involving a fraudulent mobile trading application that displayed fake profits before locking out withdrawal requests.
98f108a0-6ac5-47f3-b691-41b9a2d674f6,FIR/HUN/2025/5605,cybercrime,closed,2024-07-22,2024-11-25,0f50f615-7033-4550-b3c0-1327c1c40070,Kolkata police investigated a business email compromise incident where a local trading firm transferred 28 lakh rupees to a hacker-controlled account after intercepted invoice communication.
f998730b-ad7c-4bc4-b775-9aeef02fe0dd,FIR/SIN/2025/7773,cybercrime,under_investigation,2023-10-03,,d890e6e8-e9d5-40b8-8d55-7f7573bd97a1,"An Ahmedabad-based homemaker was duped of 60,000 rupees through a lottery scam promising a luxury car win upon payment of advance processing and clearance fees."
2b2ca2a6-c18d-4727-ab49-a2424417362a,FIR/LAS/2023/5733,cybercrime,convicted,2025-03-16,2025-03-31,a1ac6dda-cf2b-4f37-b3bf-4697fe4e7bff,Delhi Police cyber crime unit arrested operators of a fake call center that targeted foreign nationals by offering technical support services and demanding payment via gift cards.
f93faa02-5a2c-45ab-8a1a-f3f805f896ab,FIR/ALA/2024/3737,cybercrime,chargesheet_filed,2024-04-30,,399368c8-c978-469c-be30-609d71bcffc7,The Jaipur cyber wing registered a case after a victim's credit card was maxed out following an online transaction on a phishing replica of a popular utility bill payment portal.
9810dc89-3f1d-4d35-8d48-d08314487679,FIR/JAK/2023/4736,cybercrime,under_investigation,2025-02-03,,f77c2362-fa09-4024-9ad2-7cf845b2b17e,A Chandigarh university professor reported a case of identity theft wherein an unknown perpetrator created a fake social media profile to solicit financial aid from academic colleagues.
ed3276a9-f584-49cf-81b2-430e73eff8e0,FIR/JAK/2023/8219,cybercrime,convicted,2024-01-24,2024-09-28,f77c2362-fa09-4024-9ad2-7cf845b2b17e,Lucknow police filed a cyber extortion case after a local businessman received WhatsApp video calls from an unknown number displaying compromising recorded footage.
0d564898-edcb-4966-b7ba-9c3012c43294,FIR/LUN/2025/9619,cybercrime,under_investigation,2023-11-02,,d0184a09-161d-4442-9ae0-17c96fb4622e,A Kochi resident lost 1.2 lakh rupees when an online marketplace buyer sent a malicious QR code under the guise of transferring payment for a second-hand bicycle.
05f5a41b-f498-42f0-adc1-065e9a844e1b,FIR/HUN/2023/8366,human_trafficking,under_investigation,2025-05-02,,0f50f615-7033-4550-b3c0-1327c1c40070,An investigation was launched in Mumbai after a tip-off led authorities to a beauty parlor where two minor girls from Assam were found locked in the back room and coerced into commercial sex work.
45e5d506-b472-4e21-8fa9-fbfa4ab9d611,FIR/KAL/2023/5504,human_trafficking,chargesheet_filed,2024-09-01,,1c6b2c51-aa55-4558-ae96-d1770fade444,New Delhi railway station security intercepted an individual attempting to transport three young boys from rural Bihar under false promises of employment in garment factories.
f0e8371f-96ac-406f-86a8-3809123ec5fc,FIR/LAS/2023/2556,human_trafficking,chargesheet_filed,2025-02-21,,a1ac6dda-cf2b-4f37-b3bf-4697fe4e7bff,"Bangalore police raided a purported placement agency operating in a residential suburb, rescuing five women whose passports were confiscated to force unpaid domestic servitude."
6e4ec153-2688-4ea5-bea3-e00f0777c86a,FIR/KAL/2024/3633,human_trafficking,closed,2024-08-22,2025-05-01,1c6b2c51-aa55-4558-ae96-d1770fade444,Hyderabad local authorities rescued four interstate migrant workers from a brick kiln where the employer withheld their wages and restricted their movement through physical threats.
3cd07ee4-0116-40eb-8174-ca2f649dffe8,FIR/ALA/2024/8630,human_trafficking,convicted,2023-09-30,2023-12-07,399368c8-c978-469c-be30-609d71bcffc7,Chennai anti-human trafficking unit detained two suspects operating a fraudulent modeling ring that lured aspiring actors from tier-two cities into forced digital pornography networks.
6fd523c1-12b3-4ea2-b2be-da137b7efd04,FIR/DHA/2024/4277,human_trafficking,under_investigation,2023-08-24,,3a90b419-d49b-432d-b67f-8fef620d5ecd,Kolkata enforcement personnel intercepted a vehicle near the border carrying four young adults who were being trafficked across state lines on fraudulent transit documents for bonded labor.
c6c82c66-753a-40af-af2d-474d8d7283cb,FIR/NAW/2025/4940,smuggling,chargesheet_filed,2024-12-01,,3bcf3cb2-15e9-4118-b082-241e75e7f818,"Intercepted a commercial vehicle at the city toll plaza, recovering twenty kilograms of smuggled gold bullion concealed within modified fuel tanks."
0f2accde-2c36-420b-915f-1672746f574c,FIR/JAK/2023/8707,smuggling,under_investigation,2023-10-03,,f77c2362-fa09-4024-9ad2-7cf845b2b17e,Apprehended two individuals near the railway station carrying multiple foreign-origin electronic gadgets and high-end smartphones without customs duty receipts.
186c7276-5ec7-4e75-834f-0fc840760ce4,FIR/CHO/2025/9711,smuggling,under_investigation,2024-09-14,,3882bfc6-6f3e-42f1-acd5-875175110e2b,"Raided a residential warehouse in the port district, seizing a large cache of contraband red sandalwood logs intended for illegal maritime export."
f6e0f40e-7c79-4fa0-b8bf-f8cdc9f63ac9,FIR/LAS/2025/1479,smuggling,under_investigation,2023-06-28,,a1ac6dda-cf2b-4f37-b3bf-4697fe4e7bff,Dismantled an interstate syndicate at a bus depot by confiscating several packets of exotic wildlife species and rare turtle shells hidden in luggage.
5df90d3c-ba6e-437f-befe-7824f98ab232,FIR/CHO/2023/3172,smuggling,chargesheet_filed,2023-06-10,,3882bfc6-6f3e-42f1-acd5-875175110e2b,Seized a substantial quantity of banned foreign currency and undeclared precious gemstones from a passenger arriving on an international flight.
99c8be1f-5300-402c-86ec-b11c2ea49248,FIR/CHA/2024/1637,smuggling,convicted,2023-09-28,2024-11-08,b9753cbb-9cd4-451b-9705-22cc5bde2d04,"Stopped a speeding delivery van on the national highway bypass, discovering thousands of cartons of smuggled foreign cigarettes stashed under grocery bags."
c883c922-9b56-40dc-9016-a7d901ab3d9e,FIR/DHA/2023/7958,smuggling,under_investigation,2024-09-07,,3a90b419-d49b-432d-b67f-8fef620d5ecd,Recovered multiple vials of restricted pharmaceutical stimulants and performance-enhancing hormones during a surprise check at a local courier hub.
2626cc05-f644-4f91-8491-ae67b54844bc,FIR/DHA/2025/8634,smuggling,chargesheet_filed,2024-12-21,,3a90b419-d49b-432d-b67f-8fef620d5ecd,Confiscated vintage bronze artifacts and antique idols from a clandestine storage unit following a tip-off about an upcoming illicit export deal.
f8c8f6e7-f7ef-4e49-8d9b-054cf8871113,FIR/EJA/2025/4779,assault,convicted,2024-02-18,2024-11-17,c72b3670-988d-4140-b70e-75cb3ec17b11,The complainant reported that a verbal dispute over parking space allocation escalated when the accused physically assaulted him with a wooden stick in South Delhi.
c6595b2d-e1cc-4fec-8efd-649da19ba576,FIR/NAW/2023/6148,assault,closed,2025-04-10,2025-05-08,3bcf3cb2-15e9-4118-b082-241e75e7f818,An altercation outside a local marketplace in Mumbai resulted in the accused slapping and shoving the vendor after a disagreement regarding vegetable prices.
b88a5a6a-4bc9-4957-a08c-d1b0ebf86add,FIR/DHA/2023/5293,assault,chargesheet_filed,2024-04-06,,3a90b419-d49b-432d-b67f-8fef620d5ecd,The victim filed an FIR stating that two unknown individuals waylaid him near a desolate alleyway in Bangalore and struck him repeatedly with iron rods.
55d4d127-20bc-46ba-83a0-cde36e2c25a3,FIR/HUN/2024/2117,assault,convicted,2024-02-06,2025-05-29,0f50f615-7033-4550-b3c0-1327c1c40070,"During a late-night noise complaint dispute in a residential apartment complex in Kolkata, the accused lunged at the resident and caused minor lacerations."
452215ae-fb24-431f-a04f-74955767bd92,FIR/EJA/2023/8747,assault,closed,2024-04-24,2025-05-02,c72b3670-988d-4140-b70e-75cb3ec17b11,A road rage incident along a busy arterial road in Chennai led to the accused alighting from his vehicle and physically assaulting a motorcyclist over a minor scratch.
aa86d8e1-983e-45e2-9ca4-cdd1d25b6646,FIR/SIN/2024/7856,assault,convicted,2023-10-06,2024-06-04,d890e6e8-e9d5-40b8-8d55-7f7573bd97a1,The local tea stall owner in Hyderabad was assaulted by an aggrieved customer following a heated argument over unpaid bills and service delays.
2746a1c8-a450-4a63-b37b-482aa564b607,FIR/CHA/2023/1947,assault,under_investigation,2025-04-23,,b9753cbb-9cd4-451b-9705-22cc5bde2d04,Police registered a case after a security guard was beaten up by a group of youths attempting to forcefully enter a gated community in Pune without authorization.
a83505be-8b16-4bd7-8d74-2777f87e9a16,FIR/LAS/2025/2391,assault,convicted,2025-02-23,2025-04-19,a1ac6dda-cf2b-4f37-b3bf-4697fe4e7bff,An argument at a neighborhood construction site in Ahmedabad turned violent when a supervisor was struck by a laborer wielding a heavy wrench.
9e1b62f9-2bb3-4b1d-9b12-0fa642d829a0,FIR/LOK/2025/1267,assault,convicted,2025-02-07,2025-04-19,44a689bd-ea9d-49fe-917d-79a7404e631f,The complainant stated that she was physically manhandled and threatened by her neighbor during a boundary wall dispute in a Jaipur housing colony.
2849ef59-9ae1-476e-98ab-e840454aed9a,FIR/SIN/2025/2636,assault,under_investigation,2025-02-02,,d890e6e8-e9d5-40b8-8d55-7f7573bd97a1,"A brawl broke out inside a crowded local train compartment in Mumbai, resulting in one commuter sustaining facial injuries from punches thrown by a co-passenger."
61b5ebb8-84dd-4f67-aafa-79f947cac50f,FIR/MUT/2023/3552,assault,chargesheet_filed,2025-01-20,,c0975979-9043-4963-855f-ca856764a207,The management of a departmental store in Chandigarh reported that an unruly customer assaulted the cashier following a point-of-sale payment system failure.
d3f13649-81e0-403a-ab85-cbcac6f7738d,FIR/SIN/2024/5965,assault,under_investigation,2024-05-04,,d890e6e8-e9d5-40b8-8d55-7f7573bd97a1,"An agrarian dispute in a rural outpost near Lucknow escalated when the accused party attacked the complainant with farming implements, causing severe bruises."
d26475b2-a676-4842-b4f5-6beda6d5bbee,FIR/DHA/2025/7237,assault,under_investigation,2023-10-25,,3a90b419-d49b-432d-b67f-8fef620d5ecd,Patrolling officers intervened in a street fight in Bhopal where the accused was physically assaulting a pedestrian over a suspected theft allegation.
cf786abe-ac99-45e1-9959-2fa614adccf6,FIR/LAS/2025/7041,assault,chargesheet_filed,2025-01-29,,a1ac6dda-cf2b-4f37-b3bf-4697fe4e7bff,The victim alleged that her estranged relative barged into her workplace in Patna and physically assaulted her in front of colleagues following a property disagreement.
8151ea22-eb78-4603-bed3-35f765cd5c38,FIR/SIN/2025/2692,missing_person,chargesheet_filed,2023-11-12,,d890e6e8-e9d5-40b8-8d55-7f7573bd97a1,"Case ID MP-2023-101: The complainant reported that their adult son left for a routine bank errand in Connaught Place, New Delhi, and failed to return by evening, with his mobile phone switched off since afternoon."
4075d07d-a7aa-40c0-af19-4ba3530271a5,FIR/LAS/2024/4982,missing_person,chargesheet_filed,2023-07-30,,a1ac6dda-cf2b-4f37-b3bf-4697fe4e7bff,"Case ID MP-2023-102: A local school administration in Andheri West, Mumbai, filed a missing report after an eighth-grade student did not board the designated school bus after dismissal hours."
85dcc87d-03db-430b-a1ca-98d7b727bd89,FIR/CHA/2024/4529,missing_person,closed,2024-09-01,2024-12-06,b9753cbb-9cd4-451b-9705-22cc5bde2d04,"Case ID MP-2023-103: The spouse of a software professional registered a complaint stating the individual went for an evening walk near Jubilee Hills, Hyderabad, and did not come back home or respond to calls."
306fb409-1acd-4304-9240-a6ffa1381731,FIR/HUN/2024/4663,missing_person,chargesheet_filed,2025-03-04,,0f50f615-7033-4550-b3c0-1327c1c40070,"Case ID MP-2023-104: Elderly care facility management in Salt Lake, Kolkata, reported that a 78-year-old resident with early-stage dementia wandered away from the premises during morning hours."
d5c9d467-90ec-4286-bea5-32ef855ece18,FIR/NAW/2023/3780,missing_person,chargesheet_filed,2024-06-30,,3bcf3cb2-15e9-4118-b082-241e75e7f818,"Case ID MP-2023-105: Factory supervisors in Peenya, Bengaluru, lodged a missing person report for a migrant daily wage worker who left the worksite during lunch break and failed to report back for the second shift."
0e12daed-dc20-40b3-8832-ffae12639f39,FIR/NAW/2023/4614,missing_person,convicted,2024-09-18,2025-02-08,3bcf3cb2-15e9-4118-b082-241e75e7f818,"Case ID MP-2023-106: The family of a college student studying in Sector 17, Chandigarh, reported them missing after they did not return to the hostel following their end-semester examinations."
ed30eecf-73ab-48c3-8d22-17fa2edee781,FIR/MUT/2024/2788,missing_person,chargesheet_filed,2023-12-23,,c0975979-9043-4963-855f-ca856764a207,"Case ID MP-2023-107: A retail store manager in Alwarpet, Chennai, filed a police complaint after a newly hired cashier left the cash counter unattended and departed without settling accounts or notifying colleagues."
2eb3c08b-8e63-45a6-812a-f99cb3f447ec,FIR/JAK/2025/4289,missing_person,chargesheet_filed,2024-05-20,,f77c2362-fa09-4024-9ad2-7cf845b2b17e,Case ID MP-2023-108: Relatives visiting from another state reported that their teenage niece went missing from a crowded railway station platform in Pune while waiting for an outbound connecting train.
3305f37c-98a8-4459-929c-49b2a395e9dd,FIR/ALA/2024/7134,murder,under_investigation,2023-10-17,,399368c8-c978-469c-be30-609d71bcffc7,"The victim was found deceased with multiple stab wounds inside a locked apartment in South Delhi after neighbors reported a foul smell, and preliminary investigation points to a financial dispute with a business associate."
28ced12b-8d14-4609-9781-aef154d1f63f,FIR/LUN/2024/8996,murder,closed,2024-02-26,2025-04-21,d0184a09-161d-4442-9ae0-17c96fb4622e,A late-night altercation outside a local dhaba in Mumbai escalated when the accused struck the victim on the head with a heavy iron rod following a heated argument over unpaid bills.
64aaac8b-2f9b-48c9-81c8-676200ea7a71,FIR/HUN/2024/2302,murder,convicted,2023-07-02,2025-01-01,0f50f615-7033-4550-b3c0-1327c1c40070,"The local police registered a murder case after an elderly couple was found strangled in their independent house in Bengaluru, with signs of forced entry and missing household valuables indicating a robbery gone wrong."
da173799-a7ca-4176-89e5-63c8cc1a85b5,FIR/LAS/2023/7841,murder,chargesheet_filed,2024-12-16,,a1ac6dda-cf2b-4f37-b3bf-4697fe4e7bff,"An unidentified body bearing severe blunt force trauma was recovered from the banks of the Hooghly River in Kolkata, and forensic teams are currently analyzing fingerprints to establish identity and trace suspects."
85e7471a-2f4c-4ad6-bdfa-96aa2f893053,FIR/MUT/2025/8726,murder,closed,2025-02-16,2025-05-19,c0975979-9043-4963-855f-ca856764a207,A property dispute among siblings in a residential locality of Lucknow turned fatal when the younger brother allegedly fired a country-made pistol at the elder sibling during a family panchayat meeting.
23129f1c-f30b-47c8-b92d-f6c48004aab2,FIR/LUN/2024/6592,murder,under_investigation,2023-08-01,,d0184a09-161d-4442-9ae0-17c96fb4622e,"The body of a local cab driver was discovered in the outskirts of Hyderabad with his throat slit, and the vehicle missing, prompting highway patrols to track the stolen car using automated number plate recognition."
862d2be7-a639-4e04-9b56-432b9d9a2906,FIR/LUN/2023/9683,robbery,convicted,2025-02-06,2025-05-23,d0184a09-161d-4442-9ae0-17c96fb4622e,"Two helmeted individuals on a motorcycle intercepted a merchant in Karol Bagh, Delhi, forcibly snatching a bag containing four lakh rupees in cash before fleeing."
f597c597-e3e3-4f43-a9a1-0f77e79b3698,FIR/KAL/2023/7742,robbery,under_investigation,2024-07-14,,1c6b2c51-aa55-4558-ae96-d1770fade444,"An armed intruder entered a residential apartment in Andheri West, Mumbai, threatening the domestic help with a blade and escaping with gold jewelry and a laptop."
2e65ce5c-71f9-480b-8583-5a4077523aed,FIR/LAS/2025/5631,robbery,under_investigation,2023-12-03,,a1ac6dda-cf2b-4f37-b3bf-4697fe4e7bff,"Three unidentified persons posing as courier delivery agents forced their way into a senior citizen's home in Alipore, Kolkata, looting valuables at knifepoint."
74dd3ce2-a7b9-4da7-b8a1-52b24fd70e43,FIR/DHA/2023/4839,robbery,closed,2024-08-06,2025-05-14,3a90b419-d49b-432d-b67f-8fef620d5ecd,"A late-night highway robbery occurred near Electronic City, Bengaluru, where a cab was waylaid by miscreants who looted the passengers of their mobile phones and wallets."
2a684c71-4f34-48e8-9e6d-f484768e9414,FIR/CHA/2024/4628,robbery,convicted,2024-07-24,2025-04-29,b9753cbb-9cd4-451b-9705-22cc5bde2d04,"A lone miscreant snatched a gold chain from a pedestrian near Anna Salai, Chennai, during peak evening traffic and escaped into a nearby crowded alleyway."
d1a84f74-a7bb-49b2-b8d3-976d93d38daa,FIR/LOK/2024/9997,robbery,closed,2024-09-21,2025-05-26,44a689bd-ea9d-49fe-917d-79a7404e631f,"A jewelry store in Banjara Hills, Hyderabad, reported an armed daylight robbery where two masked men threatened the store attendant and emptied the display counter."
4f628db8-cafc-4171-813e-9c7715bf87e1,FIR/DHA/2024/9043,robbery,chargesheet_filed,2024-02-01,,3a90b419-d49b-432d-b67f-8fef620d5ecd,"Miscreants aboard a moving auto-rickshaw snatched a handbag from a woman traveling on a separate two-wheeler along Ashram Chowk, New Delhi, causing minor injuries."
50141311-b991-40e8-9e4f-47fd9b88de45,FIR/JAK/2023/4535,robbery,closed,2023-08-15,2024-06-25,f77c2362-fa09-4024-9ad2-7cf845b2b17e,"A security guard at an ATM kiosk in Salt Lake, Kolkata, was assaulted with an iron rod by a gang attempting to break open the cash chest during the early hours."
83ef2190-f323-4176-84b7-ac66d71b99ac,FIR/JAK/2024/7841,robbery,closed,2023-12-18,2025-05-28,f77c2362-fa09-4024-9ad2-7cf845b2b17e,"Three youths on a scooter intercepted a delivery executive in Koramangala, Bengaluru, and robbed him of his smartphone and daily collection cash under threat of assault."
a906a912-211b-4d75-a052-9e7991e9a260,FIR/SIN/2024/3568,robbery,closed,2024-06-27,2024-09-12,d890e6e8-e9d5-40b8-8d55-7f7573bd97a1,"A shopkeeper in CG Road, Ahmedabad, was robbed at gunpoint by two men who barged into the establishment shortly before closing time and emptied the cash register."
b0a2c2f7-0d93-4b20-89c4-a943ac8b44a7,FIR/LUN/2023/6754,robbery,chargesheet_filed,2024-04-09,,d0184a09-161d-4442-9ae0-17c96fb4622e,"A late-night pedestrian returning from a factory shift in Pimpri, Pune, was cornered by three men who relieved him of his watch, silver ring, and wallet."
dc78a2bc-f59d-4e50-ad7e-b613cdf894c2,FIR/CHO/2025/5215,robbery,under_investigation,2024-06-10,,3882bfc6-6f3e-42f1-acd5-875175110e2b,"Miscreants broke the window of a parked car in Sector 17, Chandigarh, and stole a briefcase containing official documents, a laptop, and cash."
c1c38a5c-48c0-449f-986b-ee15b24bb558,FIR/NAW/2023/6181,other,chargesheet_filed,2025-02-18,,3bcf3cb2-15e9-4118-b082-241e75e7f818,The complainant reported a missing pet dog of a foreign breed from a residential society parking lot in South Delhi.
a5946d0c-3dd2-4747-87e6-dab3273b8edd,FIR/ALA/2025/7955,other,chargesheet_filed,2023-06-17,,399368c8-c978-469c-be30-609d71bcffc7,A local vendor filed a complaint regarding a damaged weighing scale after a dispute over vegetable prices in a Pune market.
a1525c76-83db-45ff-8b10-65aed86c393f,FIR/JAK/2025/6729,other,chargesheet_filed,2025-03-08,,f77c2362-fa09-4024-9ad2-7cf845b2b17e,The station received an anonymous tip concerning an abandoned old bicycle blocking a narrow lane in a residential area of Jaipur.
ea69dc0e-e8b8-4189-9283-aff20e64d86e,FIR/SIN/2024/9295,other,closed,2025-02-09,2025-03-25,d890e6e8-e9d5-40b8-8d55-7f7573bd97a1,Residents of an apartment complex in Bengaluru lodged a nuisance complaint over a stray dog pack creating a disturbance at night.
2c499bb1-b083-4669-9e0a-669387b0d365,FIR/EJA/2024/2164,other,closed,2025-04-17,2025-05-10,c72b3670-988d-4140-b70e-75cb3ec17b11,"A civic worker reported a missing manhole cover on a main arterial road in Chennai, prompting a temporary barricade setup."
d560c216-fe10-4c15-8742-e7cf32118be3,FIR/LUN/2023/3221,other,under_investigation,2024-02-14,,d0184a09-161d-4442-9ae0-17c96fb4622e,The management of a Kolkata heritage building filed a report regarding a fallen tree branch that damaged the perimeter wall.
c02c1acf-0cd9-41df-8448-9c0e5eebed97,FIR/ALA/2024/8841,other,chargesheet_filed,2024-02-28,,399368c8-c978-469c-be30-609d71bcffc7,A commuter submitted a lost property application for an umbrella left behind on a local suburban train in Mumbai.
dbb8c6dc-1d61-4d8c-a6ee-123b24798735,FIR/SHA/2023/5628,other,convicted,2024-04-05,2025-01-20,a67d384b-edfc-4caa-8a46-8b72e3208724,Shopkeepers in a commercial market of Hyderabad reported a temporary power outage caused by a short circuit in a transformer box.
89d83932-451d-4f56-a8e6-67f3826da5a4,FIR/SIN/2023/7805,other,closed,2023-12-18,2024-12-07,d890e6e8-e9d5-40b8-8d55-7f7573bd97a1,The security guard of a closed industrial unit in Ahmedabad notified police about a stray cow wandering into the premises.
b720a3ba-0761-4c94-8f67-3977a371769e,FIR/LAS/2023/3368,other,closed,2023-08-27,2024-03-14,a1ac6dda-cf2b-4f37-b3bf-4697fe4e7bff,A resident in Lucknow registered a complaint regarding a persistent water leakage from the overhead municipal pipeline near their gate.
b9787f53-534b-412b-9b7f-7e0190046463,FIR/NAW/2025/5891,narcotics,under_investigation,2024-02-23,,3bcf3cb2-15e9-4118-b082-241e75e7f818,"Investigation into a suspected narcotics distribution ring operating across multiple districts, involving repeated courier movements and unexplained cash flows."
23b4b060-fdf5-4d46-9c82-41e1d8db9ee9,FIR/DHA/2024/1075,narcotics,under_investigation,2023-09-13,,3a90b419-d49b-432d-b67f-8fef620d5ecd,"Follow-up probe into a suspected supply chain moving contraband through transport hubs, flagged after informant tips regarding late-night vehicle movements."
04f26d44-0c08-4f75-a336-71b46b7a94f1,FIR/MUT/2024/9875,smuggling,under_investigation,2024-06-17,,c0975979-9043-4963-855f-ca856764a207,Cross-border smuggling investigation involving goods routed through intermediary warehouses and irregular manifest documentation.
b42d372f-b386-46ba-9301-24ab804c2723,FIR/EJA/2024/8274,smuggling,under_investigation,2023-06-04,,c72b3670-988d-4140-b70e-75cb3ec17b11,Customs referral regarding suspected undervaluation and diversion of consignments through a network of trading firms.
a7849323-bce8-46b2-a835-75ac4446df2d,FIR/CHO/2023/5936,fraud,under_investigation,2023-06-04,,3882bfc6-6f3e-42f1-acd5-875175110e2b,Financial fraud investigation into a suspected hawala-style layering scheme using multiple shell trading accounts to obscure the origin of funds.
9e1a4a07-e50c-4870-864f-2d705f28fae5,FIR/HUN/2025/1021,fraud,under_investigation,2024-08-21,,0f50f615-7033-4550-b3c0-1327c1c40070,Bank-flagged suspicious transaction pattern investigation involving structuring of deposits just under reporting thresholds across several accounts.
31b964e9-e0a0-4342-9d40-d7ea00c2e077,FIR/HUN/2023/7466,cybercrime,under_investigation,2024-05-08,,0f50f615-7033-4550-b3c0-1327c1c40070,Investigation into a suspected online phishing/mule-account operation used to route defrauded funds through intermediary accounts before withdrawal.
b8d3ad45-c8d8-4136-823b-dc56797bbe6a,FIR/KAL/2023/3392,human_trafficking,under_investigation,2024-06-22,,1c6b2c51-aa55-4558-ae96-d1770fade444,"Preliminary inquiry into suspected recruitment and transport of individuals under false employment promises, based on informant intelligence."
9148906d-82d0-44c2-9ce4-224479a19d29,FIR/SHA/2023/6047,extortion,under_investigation,2023-07-14,,a67d384b-edfc-4caa-8a46-8b72e3208724,"Extortion complaint investigation involving repeated threatening contact with a local business owner, with calls traced to multiple intermediary numbers."
7d104ee8-3694-4a75-ae8d-165f02f3074f,FIR/CHA/2023/9060,extortion,under_investigation,2024-01-12,,b9753cbb-9cd4-451b-9705-22cc5bde2d04,Follow-up case examining a pattern of intimidation calls linked to a local protection-racket allegation near a wholesale market.
d47201c9-711f-4088-af2a-14e95ccd2b8a,FIR/NAW/2025/3933,other,under_investigation,2024-09-20,,3bcf3cb2-15e9-4118-b082-241e75e7f818,Multi-agency intelligence coordination case consolidating surveillance leads on a suspected organized network operating out of a metropolitan transport hub.
c96763f4-da85-4d19-91b0-4873ddb73a38,FIR/SIN/2024/3125,other,under_investigation,2023-07-20,,d890e6e8-e9d5-40b8-8d55-7f7573bd97a1,Joint task force case file tracking suspected coordination between financial intermediaries and known persons of interest from prior narcotics cases.
