object_id,object_type,description,case_id,associated_person_ids,evidence_reference,seized_date,location_id
cf993be8-5660-4e8b-8fe8-ac4c135a4fc3,document,A set of documents including handwritten notes and printed receipts recovered during the investigation.,b9787f53-534b-412b-9b7f-7e0190046463,80d1a12f-12b3-4bd3-abd1-b154fc01378c,EVD-B9787F-01,2024-12-25,3bcf3cb2-15e9-4118-b082-241e75e7f818
999db213-9623-47aa-8113-42ee9d60f110,cash,"An unmarked bundle of currency notes recovered during the investigation, denomination mixed, amount pending verification.",b9787f53-534b-412b-9b7f-7e0190046463,"8cab76dc-2ec9-4d0f-9aca-8e0e66b20e4b,1edcdcff-eff3-4399-b490-6ece1fd0a750",EVD-B9787F-02,2024-12-20,3bcf3cb2-15e9-4118-b082-241e75e7f818
ceef165f-c88e-4aec-9efb-cc1dd6c63803,contraband,"A sealed package containing suspected contraband material, packed in plain wrapping without markings.",b9787f53-534b-412b-9b7f-7e0190046463,64aa12fe-332b-426d-9e18-1960f6079b69,EVD-B9787F-03,2024-10-14,3bcf3cb2-15e9-4118-b082-241e75e7f818
7a5bffee-ab44-4b0f-80ca-03e55ddae286,electronic_device,"A mobile phone/handset recovered as part of the investigation, pending forensic data extraction.",b9787f53-534b-412b-9b7f-7e0190046463,"6da2a43c-3bff-4bc9-b9d0-5d6b9b496b89,58403a85-3bb2-4384-b35a-06d05951268a",EVD-B9787F-04,2025-05-12,3bcf3cb2-15e9-4118-b082-241e75e7f818
279720bf-2b2a-4dc6-a3cb-642bbffde568,cash,"An unmarked bundle of currency notes recovered during the investigation, denomination mixed, amount pending verification.",23b4b060-fdf5-4d46-9c82-41e1d8db9ee9,"71ca9b1d-db04-4eaf-8500-9080bd12ad54,8bc0df36-e3d8-4a4a-8c8e-accca462e3ee",EVD-23B4B0-01,2024-01-15,3a90b419-d49b-432d-b67f-8fef620d5ecd
877bed34-d957-4b66-9fbe-ba13ad7ee0dd,electronic_device,"A mobile phone/handset recovered as part of the investigation, pending forensic data extraction.",23b4b060-fdf5-4d46-9c82-41e1d8db9ee9,"4285df9b-9b16-4ccd-9844-3508c0d49fdc,1edcdcff-eff3-4399-b490-6ece1fd0a750",EVD-23B4B0-02,2025-05-31,3a90b419-d49b-432d-b67f-8fef620d5ecd
49f2007f-b722-4346-9b48-0c266717e216,contraband,"A sealed package containing suspected contraband material, packed in plain wrapping without markings.",23b4b060-fdf5-4d46-9c82-41e1d8db9ee9,454733be-201b-4f37-bdc8-fabcf42fcd20,EVD-23B4B0-03,2023-10-06,3a90b419-d49b-432d-b67f-8fef620d5ecd
bfb24335-999e-4c7b-ab8e-81b7dbb282a4,cash,"An unmarked bundle of currency notes recovered during the investigation, denomination mixed, amount pending verification.",04f26d44-0c08-4f75-a336-71b46b7a94f1,"4285df9b-9b16-4ccd-9844-3508c0d49fdc,598b970f-3219-4a29-a843-eb1703d9bcc2",EVD-04F26D-01,2024-10-22,c0975979-9043-4963-855f-ca856764a207
1fca393a-b802-48bf-98b6-c720f5ab665a,document,A set of documents including handwritten notes and printed receipts recovered during the investigation.,04f26d44-0c08-4f75-a336-71b46b7a94f1,"94d607d7-3492-48ab-a373-f24cb1390211,55cfdf10-a1a9-4735-ae66-8aae4018cb6a",EVD-04F26D-02,2024-07-19,c0975979-9043-4963-855f-ca856764a207
9f02ab44-8ec9-4ed3-ab08-19a3409b36e8,contraband,"A sealed package containing suspected contraband material, packed in plain wrapping without markings.",b42d372f-b386-46ba-9301-24ab804c2723,"8171e26b-7d4e-41ed-a931-f0414f85531a,94d607d7-3492-48ab-a373-f24cb1390211",EVD-B42D37-01,2025-01-05,c72b3670-988d-4140-b70e-75cb3ec17b11
33dde7a8-def2-48da-99dc-0530d4e66113,cash,"An unmarked bundle of currency notes recovered during the investigation, denomination mixed, amount pending verification.",b42d372f-b386-46ba-9301-24ab804c2723,780380a3-fe83-4fb6-980c-cab0208c14fb,EVD-B42D37-02,2023-11-11,c72b3670-988d-4140-b70e-75cb3ec17b11
834c4667-9883-4f16-ba10-187cd19de20b,cash,"An unmarked bundle of currency notes recovered during the investigation, denomination mixed, amount pending verification.",a7849323-bce8-46b2-a835-75ac4446df2d,24cdea93-60d7-43d6-9004-896d9f1a271a,EVD-A78493-01,2023-11-17,3882bfc6-6f3e-42f1-acd5-875175110e2b
5b681e3b-dea1-45de-983c-a1373eabb384,cash,"An unmarked bundle of currency notes recovered during the investigation, denomination mixed, amount pending verification.",a7849323-bce8-46b2-a835-75ac4446df2d,50873f12-f502-48f0-b7b9-1ca825fbb932,EVD-A78493-02,2024-11-01,3882bfc6-6f3e-42f1-acd5-875175110e2b
ffb36ed7-b7ef-4eb7-a23e-2973e8baaea5,document,A set of documents including handwritten notes and printed receipts recovered during the investigation.,a7849323-bce8-46b2-a835-75ac4446df2d,04d36625-b5aa-4286-a543-bf880a885eb0,EVD-A78493-03,2025-03-12,3882bfc6-6f3e-42f1-acd5-875175110e2b
f1e37011-878e-46d1-bae8-c78d9772ccd9,electronic_device,"A mobile phone/handset recovered as part of the investigation, pending forensic data extraction.",9e1a4a07-e50c-4870-864f-2d705f28fae5,"f41f457b-1975-41bc-97f0-d83efefcce31,3c9c5911-b0c5-46cd-8e9f-f136e566c0be",EVD-9E1A4A-01,2024-12-02,0f50f615-7033-4550-b3c0-1327c1c40070
7a9fc01d-1204-498b-b34e-2040ef20e973,cash,"An unmarked bundle of currency notes recovered during the investigation, denomination mixed, amount pending verification.",9e1a4a07-e50c-4870-864f-2d705f28fae5,"38d66af9-6e50-457c-8c19-f962a9c6b435,24cdea93-60d7-43d6-9004-896d9f1a271a",EVD-9E1A4A-02,2025-03-10,0f50f615-7033-4550-b3c0-1327c1c40070
e1eb6990-a70e-4122-90df-9130104672d1,electronic_device,"A mobile phone/handset recovered as part of the investigation, pending forensic data extraction.",9e1a4a07-e50c-4870-864f-2d705f28fae5,780380a3-fe83-4fb6-980c-cab0208c14fb,EVD-9E1A4A-03,2025-01-22,0f50f615-7033-4550-b3c0-1327c1c40070
d890b735-c4cb-4e05-8f68-f5e01abcfceb,electronic_device,"A mobile phone/handset recovered as part of the investigation, pending forensic data extraction.",9e1a4a07-e50c-4870-864f-2d705f28fae5,4556cc56-b8be-4b38-9780-75ecd506fb1d,EVD-9E1A4A-04,2024-12-19,0f50f615-7033-4550-b3c0-1327c1c40070
f8aa7890-0d05-40f2-8a82-e43c4590e6fc,document,A set of documents including handwritten notes and printed receipts recovered during the investigation.,31b964e9-e0a0-4342-9d40-d7ea00c2e077,"c529d9ef-2cd1-45c2-9e04-a55827105e21,5d4e95f6-a5b7-458f-bb96-16b83c313283",EVD-31B964-01,2025-05-02,0f50f615-7033-4550-b3c0-1327c1c40070
734911e9-6ed6-4395-bd1f-ece68478e854,document,A set of documents including handwritten notes and printed receipts recovered during the investigation.,31b964e9-e0a0-4342-9d40-d7ea00c2e077,"4556cc56-b8be-4b38-9780-75ecd506fb1d,470bc6dc-44e7-4c45-bf4a-da28c0844bdf",EVD-31B964-02,2024-11-25,0f50f615-7033-4550-b3c0-1327c1c40070
2a8d10d7-055a-4434-9b81-d5ff0177d0d4,electronic_device,"A mobile phone/handset recovered as part of the investigation, pending forensic data extraction.",b8d3ad45-c8d8-4136-823b-dc56797bbe6a,02d32b3c-04cd-4db2-87d1-eaea9c739f75,EVD-B8D3AD-01,2024-10-18,1c6b2c51-aa55-4558-ae96-d1770fade444
ee64b6ca-eca5-4966-b651-10a67d1e5023,document,A set of documents including handwritten notes and printed receipts recovered during the investigation.,b8d3ad45-c8d8-4136-823b-dc56797bbe6a,c529d9ef-2cd1-45c2-9e04-a55827105e21,EVD-B8D3AD-02,2025-03-10,1c6b2c51-aa55-4558-ae96-d1770fade444
e877c956-1633-41a5-a434-46b908130cf5,document,A set of documents including handwritten notes and printed receipts recovered during the investigation.,b8d3ad45-c8d8-4136-823b-dc56797bbe6a,"780380a3-fe83-4fb6-980c-cab0208c14fb,8cab76dc-2ec9-4d0f-9aca-8e0e66b20e4b",EVD-B8D3AD-03,2025-02-02,1c6b2c51-aa55-4558-ae96-d1770fade444
2c4ce20e-0111-443b-9ced-3a00ccf7315f,electronic_device,"A mobile phone/handset recovered as part of the investigation, pending forensic data extraction.",9148906d-82d0-44c2-9ce4-224479a19d29,16279b5f-489c-4c08-842d-99d95e761f7a,EVD-914890-01,2024-05-24,a67d384b-edfc-4caa-8a46-8b72e3208724
70be91d4-4010-4c65-95a1-87019883db63,electronic_device,"A mobile phone/handset recovered as part of the investigation, pending forensic data extraction.",9148906d-82d0-44c2-9ce4-224479a19d29,02d32b3c-04cd-4db2-87d1-eaea9c739f75,EVD-914890-02,2024-01-09,a67d384b-edfc-4caa-8a46-8b72e3208724
890a556f-dd75-4f98-8a99-2e7ff71b932e,weapon,"A sharp-edged weapon recovered during the investigation, tagged and sealed as evidence.",9148906d-82d0-44c2-9ce4-224479a19d29,3c9c5911-b0c5-46cd-8e9f-f136e566c0be,EVD-914890-03,2025-01-22,a67d384b-edfc-4caa-8a46-8b72e3208724
bde65cb0-ec44-46ad-8069-edac6318e080,electronic_device,"A mobile phone/handset recovered as part of the investigation, pending forensic data extraction.",7d104ee8-3694-4a75-ae8d-165f02f3074f,"e1631865-a6e0-42ba-8241-0fb34d3cd2d5,38d66af9-6e50-457c-8c19-f962a9c6b435",EVD-7D104E-01,2024-09-10,b9753cbb-9cd4-451b-9705-22cc5bde2d04
759f5554-6557-49fc-a75b-d32a0360b05f,document,A set of documents including handwritten notes and printed receipts recovered during the investigation.,7d104ee8-3694-4a75-ae8d-165f02f3074f,54c82bdd-31ea-4ed6-9d88-87aa3fa602dd,EVD-7D104E-02,2024-06-07,b9753cbb-9cd4-451b-9705-22cc5bde2d04
19ad8eba-454a-40db-8a95-3f1a124786fa,weapon,"A sharp-edged weapon recovered during the investigation, tagged and sealed as evidence.",7d104ee8-3694-4a75-ae8d-165f02f3074f,4bd924a0-4163-4b8e-8fe2-47caadf44a76,EVD-7D104E-03,2024-12-07,b9753cbb-9cd4-451b-9705-22cc5bde2d04
2b753633-be80-447e-8585-099cd5e3f36f,electronic_device,"A mobile phone/handset recovered as part of the investigation, pending forensic data extraction.",7d104ee8-3694-4a75-ae8d-165f02f3074f,"58403a85-3bb2-4384-b35a-06d05951268a,735b7692-768a-477f-9084-61285d2d750f",EVD-7D104E-04,2025-01-04,b9753cbb-9cd4-451b-9705-22cc5bde2d04
23c2b303-aef7-4d83-b3fd-6f05b819db31,document,A set of documents including handwritten notes and printed receipts recovered during the investigation.,d47201c9-711f-4088-af2a-14e95ccd2b8a,6682d7a0-40b3-4146-9c36-1cf8a8ec6ee9,EVD-D47201-01,2024-10-15,3bcf3cb2-15e9-4118-b082-241e75e7f818
3c9a1024-328e-4f4d-a648-3282d5ffcf70,document,A set of documents including handwritten notes and printed receipts recovered during the investigation.,d47201c9-711f-4088-af2a-14e95ccd2b8a,29e44cfd-7d35-4a04-ae90-6fdf73acc416,EVD-D47201-02,2024-11-27,3bcf3cb2-15e9-4118-b082-241e75e7f818
5d5d1be1-fe4b-42d6-8e54-b5fc0b137374,other,"An item of interest recovered in connection with a other case, description pending further examination.",d47201c9-711f-4088-af2a-14e95ccd2b8a,3e42409b-e1ab-442a-9ffd-c75a3f7ddc96,EVD-D47201-03,2024-11-04,3bcf3cb2-15e9-4118-b082-241e75e7f818
546b6ce7-2809-4573-89fb-fb30ddebc78c,other,"An item of interest recovered in connection with a other case, description pending further examination.",d47201c9-711f-4088-af2a-14e95ccd2b8a,"04d36625-b5aa-4286-a543-bf880a885eb0,8cab76dc-2ec9-4d0f-9aca-8e0e66b20e4b",EVD-D47201-04,2025-05-16,3bcf3cb2-15e9-4118-b082-241e75e7f818
f75483e8-50f2-4b75-a28b-94a04eae300e,electronic_device,"A mobile phone/handset recovered as part of the investigation, pending forensic data extraction.",c96763f4-da85-4d19-91b0-4873ddb73a38,73afdf7b-f403-4f68-a828-79d245d66657,EVD-C96763-01,2023-08-27,d890e6e8-e9d5-40b8-8d55-7f7573bd97a1
ed87a633-dae2-42bf-8c8c-b7a6a94a74ae,electronic_device,"A mobile phone/handset recovered as part of the investigation, pending forensic data extraction.",c96763f4-da85-4d19-91b0-4873ddb73a38,"8171e26b-7d4e-41ed-a931-f0414f85531a,50873f12-f502-48f0-b7b9-1ca825fbb932",EVD-C96763-02,2023-11-11,d890e6e8-e9d5-40b8-8d55-7f7573bd97a1
fb85d9dc-0790-4fd3-a1b8-3791d6aea3e9,other,"An item of interest recovered in connection with a other case, description pending further examination.",c96763f4-da85-4d19-91b0-4873ddb73a38,"8171e26b-7d4e-41ed-a931-f0414f85531a,b3e2dabb-54e4-4cdb-9c2a-0c35250aa2b5",EVD-C96763-03,2024-08-06,d890e6e8-e9d5-40b8-8d55-7f7573bd97a1
a5079d1d-ff54-4628-85cd-2a4b09d59d32,document,A set of documents including handwritten notes and printed receipts recovered during the investigation.,c96763f4-da85-4d19-91b0-4873ddb73a38,73afdf7b-f403-4f68-a828-79d245d66657,EVD-C96763-04,2025-04-06,d890e6e8-e9d5-40b8-8d55-7f7573bd97a1
b9dffeb1-0683-439c-8a17-6cf2bf787f97,other,"An item of interest recovered in connection with a theft case, description pending further examination.",7360101f-821c-418f-b537-fba32bdda3d7,458167b1-5667-478d-a6bf-4f1e39407e0e,EVD-736010-01,2024-06-19,a1ac6dda-cf2b-4f37-b3bf-4697fe4e7bff
deca9d77-50b6-4bf8-8588-b5e3c546cc17,jewelry,"An item of jewelry recovered during the investigation, pending identification of rightful owner.",8635c239-221c-45f3-a247-da123a49d95b,2462c2eb-1f1b-47a8-8162-d3130384be69,EVD-8635C2-01,2024-12-11,c72b3670-988d-4140-b70e-75cb3ec17b11
21fc6620-669c-483f-bce1-630ae1da8094,other,"An item of interest recovered in connection with a theft case, description pending further examination.",3a82c1ae-a3b5-48d9-b2fa-ffc1eb17c2b5,5126cc62-b59f-41b6-8efd-c67a432b7a2c,EVD-3A82C1-01,2025-05-22,d0184a09-161d-4442-9ae0-17c96fb4622e
36d504d4-caec-45d3-9d34-17726052d684,jewelry,"An item of jewelry recovered during the investigation, pending identification of rightful owner.",3a82c1ae-a3b5-48d9-b2fa-ffc1eb17c2b5,ffc518cd-9ef1-420a-a8b8-4036843332cb,EVD-3A82C1-02,2024-07-10,d0184a09-161d-4442-9ae0-17c96fb4622e
8b92bf2d-4187-4546-8e04-aa37a7c81f61,jewelry,"An item of jewelry recovered during the investigation, pending identification of rightful owner.",a9e0d542-a33b-4de6-b8e3-992b4e3ef747,6d430053-72a4-4dec-afd7-5fb11617c796,EVD-A9E0D5-01,2025-04-23,3a90b419-d49b-432d-b67f-8fef620d5ecd
b8f11634-533d-4c68-b640-d66d85800a91,jewelry,"An item of jewelry recovered during the investigation, pending identification of rightful owner.",9f427bfa-8665-4e04-a797-aa64f0aeb2eb,5c97634a-2f6c-49bb-8e4e-acc58e31a2ad,EVD-9F427B-01,2024-11-07,f77c2362-fa09-4024-9ad2-7cf845b2b17e
687347e2-83b7-439f-b403-45e3bf1eef35,jewelry,"An item of jewelry recovered during the investigation, pending identification of rightful owner.",75c64e2f-e37e-458f-a67f-eb11eb29a414,003cbc5f-6bd1-45c8-802a-83208f9052bf,EVD-75C64E-01,2024-12-06,c0975979-9043-4963-855f-ca856764a207
18e06acc-427d-4ed4-95ad-759a8a353527,jewelry,"An item of jewelry recovered during the investigation, pending identification of rightful owner.",75c64e2f-e37e-458f-a67f-eb11eb29a414,d81dd9b4-01f6-4b41-a588-11c313a7f603,EVD-75C64E-02,2024-11-06,c0975979-9043-4963-855f-ca856764a207
7df3742f-a6a3-4264-a5a1-1fad4f0d70b1,electronic_device,"A mobile phone/handset recovered as part of the investigation, pending forensic data extraction.",8196cbcd-91ff-4956-abac-be2324db4a11,cc4728ab-2afa-401b-874b-af4aa791bfb6,EVD-8196CB-01,2024-07-02,a67d384b-edfc-4caa-8a46-8b72e3208724
b54be249-b9ff-4cf1-8e9f-a4e953e0ecba,electronic_device,"A mobile phone/handset recovered as part of the investigation, pending forensic data extraction.",8254701c-2772-4620-955e-52b5344e6e10,0e99eff5-4786-4f65-ace2-2202eb2047ac,EVD-825470-01,2025-01-11,d0184a09-161d-4442-9ae0-17c96fb4622e
69e89723-6e04-4a72-b337-e6535a9f271b,electronic_device,"A mobile phone/handset recovered as part of the investigation, pending forensic data extraction.",4cac3177-7db9-4f88-bc52-ecba7be99fe6,f29f2bb9-bc41-4751-856b-64748d5f640a,EVD-4CAC31-01,2025-03-30,44a689bd-ea9d-49fe-917d-79a7404e631f
7592ed75-a89e-4092-a782-e5a46440f93c,other,"An item of interest recovered in connection with a theft case, description pending further examination.",45caf344-cb99-433f-9199-0154fb24f980,c19499fd-d9ad-4d81-9fdc-ff1b207207ca,EVD-45CAF3-01,2025-04-19,1c6b2c51-aa55-4558-ae96-d1770fade444
1d0cefd4-2f51-4035-9258-e5c5e3bdf9c9,jewelry,"An item of jewelry recovered during the investigation, pending identification of rightful owner.",87764c2f-9725-4c13-9168-95d25c3098e1,32516016-95e1-42c5-b6ee-6d1c59de73ee,EVD-87764C-01,2024-10-23,a1ac6dda-cf2b-4f37-b3bf-4697fe4e7bff
a631305a-74b5-4968-a0ef-875d50c83caf,electronic_device,"A mobile phone/handset recovered as part of the investigation, pending forensic data extraction.",87764c2f-9725-4c13-9168-95d25c3098e1,81d6d00c-25cb-41fe-95f5-b9b2e0a2945f,EVD-87764C-02,2025-03-15,a1ac6dda-cf2b-4f37-b3bf-4697fe4e7bff
e4532a5d-99bc-4b01-a2ca-6769b931a9d9,electronic_device,"A mobile phone/handset recovered as part of the investigation, pending forensic data extraction.",efb9f2ef-58c5-498e-8c7f-2d0aa5ead6b2,38f3835d-dbc8-4d65-9ac7-7b55580d0924,EVD-EFB9F2-01,2024-11-09,c0975979-9043-4963-855f-ca856764a207
9546efc5-316d-4bab-bacc-137afe4dd85c,electronic_device,"A mobile phone/handset recovered as part of the investigation, pending forensic data extraction.",49a26a9f-b35f-4568-bb2e-17d99af060e0,7ac77217-ccc7-4bf3-9fe3-29adfcaef911,EVD-49A26A-01,2024-11-13,399368c8-c978-469c-be30-609d71bcffc7
0512b8ca-0f9a-4bf3-8a0e-84df47d184c6,contraband,"A sealed package containing suspected contraband material, packed in plain wrapping without markings.",49a26a9f-b35f-4568-bb2e-17d99af060e0,3dcb8dd5-0888-428b-9965-b49080f53d22,EVD-49A26A-02,2025-03-25,399368c8-c978-469c-be30-609d71bcffc7
60ed5d01-6fda-431d-a857-265703cc4143,document,A set of documents including handwritten notes and printed receipts recovered during the investigation.,ab8aa170-dc12-499a-bcc1-5b5db1816020,074205e4-695a-49ad-8587-d67af4f735c7,EVD-AB8AA1-01,2025-05-25,1c6b2c51-aa55-4558-ae96-d1770fade444
c2f7686d-6fe0-4533-98cc-b1cc8f81c222,weapon,"A sharp-edged weapon recovered during the investigation, tagged and sealed as evidence.",5eb57ea1-8ec6-4bc6-a73e-698dc4413def,b354d3c3-ca9d-45b6-8bc9-71cc5a10e7b3,EVD-5EB57E-01,2024-05-01,3bcf3cb2-15e9-4118-b082-241e75e7f818
8a3042c0-f37b-487a-b666-87f92c6e3320,electronic_device,"A mobile phone/handset recovered as part of the investigation, pending forensic data extraction.",5eb57ea1-8ec6-4bc6-a73e-698dc4413def,3b9570e4-5e66-4ae6-a9fa-d6da77abe7c3,EVD-5EB57E-02,2025-05-02,3bcf3cb2-15e9-4118-b082-241e75e7f818
a599cec5-6952-4f8c-90a7-be9ce72fa8fe,electronic_device,"A mobile phone/handset recovered as part of the investigation, pending forensic data extraction.",419255c5-c457-4c9f-bcda-0a7c3d99e2ba,c8e9bb94-854c-450d-81a6-2a665ec642c5,EVD-419255-01,2024-11-27,b9753cbb-9cd4-451b-9705-22cc5bde2d04
64499e7c-b847-4db6-af03-37ba902e0496,document,A set of documents including handwritten notes and printed receipts recovered during the investigation.,37272ff5-5640-4079-b043-c1d98450a419,2cd1f3be-6824-4a52-8086-4de729d9aaca,EVD-37272F-01,2024-08-22,399368c8-c978-469c-be30-609d71bcffc7
44823ba4-a4e4-4e97-b841-9c6857759465,weapon,"A sharp-edged weapon recovered during the investigation, tagged and sealed as evidence.",37272ff5-5640-4079-b043-c1d98450a419,d08c737d-f512-4019-9979-7ced7a3f2392,EVD-37272F-02,2024-10-17,399368c8-c978-469c-be30-609d71bcffc7
45c0d742-53ca-40e2-b0a0-0d5b93c0f9fe,document,A set of documents including handwritten notes and printed receipts recovered during the investigation.,f41f2765-cf9f-4855-8144-45b8ff9a6801,161c6207-8a06-40d6-8b33-a89d9df56019,EVD-F41F27-01,2025-03-15,a67d384b-edfc-4caa-8a46-8b72e3208724
68ded0f6-9f11-4570-a9df-c097ad083180,electronic_device,"A mobile phone/handset recovered as part of the investigation, pending forensic data extraction.",a691f6e4-9bec-4abd-88c2-2fea613fd19e,e67efc8b-b5d7-4752-ba74-2556fa0680a0,EVD-A691F6-01,2025-05-16,1c6b2c51-aa55-4558-ae96-d1770fade444
4ab4c702-1aea-4223-9366-4075dc1d621f,document,A set of documents including handwritten notes and printed receipts recovered during the investigation.,8d69e809-8a79-4370-a7d0-bd7c123a3e84,818f6e31-6438-457c-aacd-d9b1673a1c33,EVD-8D69E8-01,2025-03-17,b9753cbb-9cd4-451b-9705-22cc5bde2d04
891f4945-ff8d-4ac8-88fc-f40f9c2a3a28,electronic_device,"A mobile phone/handset recovered as part of the investigation, pending forensic data extraction.",b40ffe3f-7b22-4fc2-ad82-854a15595c6e,d719e8f8-6480-46af-9992-feb3c71c8c5f,EVD-B40FFE-01,2023-11-14,3a90b419-d49b-432d-b67f-8fef620d5ecd
41e568bb-0ebb-400a-af40-e5e597b236e4,electronic_device,"A mobile phone/handset recovered as part of the investigation, pending forensic data extraction.",8422232b-9b55-439a-a473-50bab3845213,a1dd834e-8c7a-4ebe-ad51-17fc6bf2744c,EVD-842223-01,2024-12-06,a1ac6dda-cf2b-4f37-b3bf-4697fe4e7bff
df934d60-74e8-4d46-8f48-00b8cfb03e39,document,A set of documents including handwritten notes and printed receipts recovered during the investigation.,70c465ea-b32c-4aa7-8a20-0758ae82c763,d3dc77bf-eafe-4ae5-8807-a924215509bb,EVD-70C465-01,2025-01-16,399368c8-c978-469c-be30-609d71bcffc7
0f454e03-965a-4cfb-88b6-e0bcd588c8c0,cash,"An unmarked bundle of currency notes recovered during the investigation, denomination mixed, amount pending verification.",f9579609-ea16-4437-99df-151a38229587,630a2f6d-64cf-49b4-9586-6413e6b9de84,EVD-F95796-01,2024-12-09,c72b3670-988d-4140-b70e-75cb3ec17b11
0c3a60c3-cf47-44dc-839c-1987d33c8759,electronic_device,"A mobile phone/handset recovered as part of the investigation, pending forensic data extraction.",f9579609-ea16-4437-99df-151a38229587,825b63c0-8024-4b8e-ad8b-ddd86a46aade,EVD-F95796-02,2025-03-24,c72b3670-988d-4140-b70e-75cb3ec17b11
4b5634b0-f70b-4976-bce0-729c67ebebfc,electronic_device,"A mobile phone/handset recovered as part of the investigation, pending forensic data extraction.",89169038-b73b-4600-82fd-827b23d0e61c,3a3aa59a-f674-485b-87e1-2cc8a25f2707,EVD-891690-01,2024-08-30,0f50f615-7033-4550-b3c0-1327c1c40070
ef854343-b7cb-4e29-a5f9-85bfd27d91cd,electronic_device,"A mobile phone/handset recovered as part of the investigation, pending forensic data extraction.",202ccf11-52fd-4d1f-bbda-29b19449433b,9aedc370-6cd0-459d-87ce-016e96ea1dca,EVD-202CCF-01,2025-02-27,a1ac6dda-cf2b-4f37-b3bf-4697fe4e7bff
570dec1f-321e-4119-bdfd-533584b0739f,electronic_device,"A mobile phone/handset recovered as part of the investigation, pending forensic data extraction.",fe7c5723-8d27-4ddc-8eb0-64e713c21db7,54f4377b-6cb0-4784-8b09-f6a94285a289,EVD-FE7C57-01,2025-02-06,b9753cbb-9cd4-451b-9705-22cc5bde2d04
c881fcf4-a6fd-431f-b585-b8e286067537,cash,"An unmarked bundle of currency notes recovered during the investigation, denomination mixed, amount pending verification.",fe7c5723-8d27-4ddc-8eb0-64e713c21db7,94188fcb-b502-4aee-8cc5-2bc99075b9d6,EVD-FE7C57-02,2025-05-08,b9753cbb-9cd4-451b-9705-22cc5bde2d04
568f51ee-3a76-4e86-9747-1d9cd34a2a5f,document,A set of documents including handwritten notes and printed receipts recovered during the investigation.,b160cdd1-b9ed-49d9-88ed-fb396eafe986,ee3228c7-411e-409d-ac4a-86e968696940,EVD-B160CD-01,2025-04-19,a1ac6dda-cf2b-4f37-b3bf-4697fe4e7bff
8b682a00-4a3d-471a-9b26-a64156836b72,electronic_device,"A mobile phone/handset recovered as part of the investigation, pending forensic data extraction.",9aee112e-fb58-4439-be6c-d646e9df16a2,77aad506-ed85-4020-b1ad-088e8176cfcb,EVD-9AEE11-01,2024-06-16,3882bfc6-6f3e-42f1-acd5-875175110e2b
97592474-b702-48c3-ac9f-3e17561aa391,electronic_device,"A mobile phone/handset recovered as part of the investigation, pending forensic data extraction.",81f0a7ee-8c13-458b-a5b1-a51f344e19b4,34fcb887-d417-4641-9582-1ee1d030756f,EVD-81F0A7-01,2024-12-01,a67d384b-edfc-4caa-8a46-8b72e3208724
935c5548-a0d9-44c5-960a-f20a4a7e5681,document,A set of documents including handwritten notes and printed receipts recovered during the investigation.,81f0a7ee-8c13-458b-a5b1-a51f344e19b4,91db5532-1569-4fd6-9b68-ea6d0864625e,EVD-81F0A7-02,2024-12-09,a67d384b-edfc-4caa-8a46-8b72e3208724
827e1abb-7e98-4b7f-89b3-46064519ca8a,document,A set of documents including handwritten notes and printed receipts recovered during the investigation.,ccaf96a0-e148-4313-9d29-ab057a8be0dd,6b8b8023-d580-47b1-ae20-b1b16bdeb80a,EVD-CCAF96-01,2024-08-15,f77c2362-fa09-4024-9ad2-7cf845b2b17e
d2359752-cf6e-402a-958d-e536057709ab,document,A set of documents including handwritten notes and printed receipts recovered during the investigation.,ccaf96a0-e148-4313-9d29-ab057a8be0dd,53240630-41a5-484a-b367-e3c8ea343e4c,EVD-CCAF96-02,2024-07-24,f77c2362-fa09-4024-9ad2-7cf845b2b17e
0b750ec3-1811-4557-ad0d-891ce4b8acf9,document,A set of documents including handwritten notes and printed receipts recovered during the investigation.,ea122104-1cc3-4838-b3fe-5b2b918cad8b,02662da0-19a4-460a-b3b0-25f9e65e4e33,EVD-EA1221-01,2025-01-12,3a90b419-d49b-432d-b67f-8fef620d5ecd
037ed719-0bc5-462d-9402-bc181b6e8126,electronic_device,"A mobile phone/handset recovered as part of the investigation, pending forensic data extraction.",f998730b-ad7c-4bc4-b775-9aeef02fe0dd,4d77e74b-737e-47f3-8665-1c9e9e9dd5e3,EVD-F99873-01,2023-12-23,d890e6e8-e9d5-40b8-8d55-7f7573bd97a1
1fd8d8c4-8524-4f40-b61a-68c8a40f210a,document,A set of documents including handwritten notes and printed receipts recovered during the investigation.,2b2ca2a6-c18d-4727-ab49-a2424417362a,bb92ad30-66e1-4be1-b2ff-cf53d52b6c13,EVD-2B2CA2-01,2025-05-13,a1ac6dda-cf2b-4f37-b3bf-4697fe4e7bff
21fae940-7640-440f-af33-7a818a3cbcf6,electronic_device,"A mobile phone/handset recovered as part of the investigation, pending forensic data extraction.",2b2ca2a6-c18d-4727-ab49-a2424417362a,07606132-cd61-453a-a9d6-78d3a2f8c0cb,EVD-2B2CA2-02,2025-04-19,a1ac6dda-cf2b-4f37-b3bf-4697fe4e7bff
e3653799-7a4e-4476-ab98-8361b6dcb240,document,A set of documents including handwritten notes and printed receipts recovered during the investigation.,f93faa02-5a2c-45ab-8a1a-f3f805f896ab,07834000-fe76-48d2-80ce-6b74fc220c82,EVD-F93FAA-01,2024-09-04,399368c8-c978-469c-be30-609d71bcffc7
16ae8ee3-5638-42db-a281-4de790e00da8,electronic_device,"A mobile phone/handset recovered as part of the investigation, pending forensic data extraction.",ed3276a9-f584-49cf-81b2-430e73eff8e0,bf91005a-2d11-4be2-899c-ebf23c8cf907,EVD-ED3276-01,2024-05-22,f77c2362-fa09-4024-9ad2-7cf845b2b17e
010da64d-bfdc-4a64-9445-c31c12e1a70b,electronic_device,"A mobile phone/handset recovered as part of the investigation, pending forensic data extraction.",0d564898-edcb-4966-b7ba-9c3012c43294,972cf4b5-7b82-4e50-9307-1100e89a4b37,EVD-0D5648-01,2025-03-22,d0184a09-161d-4442-9ae0-17c96fb4622e
f944f987-6a3f-48ca-81de-a7e0e9c79365,document,A set of documents including handwritten notes and printed receipts recovered during the investigation.,05f5a41b-f498-42f0-adc1-065e9a844e1b,2024e16f-89ab-4f4a-a9d3-d876bf5f0041,EVD-05F5A4-01,2025-05-10,0f50f615-7033-4550-b3c0-1327c1c40070
d2f62574-656a-4117-b29a-8be2ed4c890c,electronic_device,"A mobile phone/handset recovered as part of the investigation, pending forensic data extraction.",05f5a41b-f498-42f0-adc1-065e9a844e1b,ddd0a2c1-7498-46cb-aefe-0864000f394c,EVD-05F5A4-02,2025-05-24,0f50f615-7033-4550-b3c0-1327c1c40070
0bbe71b9-0154-4c65-bbc3-48034d291d6d,electronic_device,"A mobile phone/handset recovered as part of the investigation, pending forensic data extraction.",45e5d506-b472-4e21-8fa9-fbfa4ab9d611,1868b78f-e043-471f-a667-0d0ed4849e30,EVD-45E5D5-01,2024-10-24,1c6b2c51-aa55-4558-ae96-d1770fade444
80e72b21-8d26-419d-a57c-f593b37f3ae7,electronic_device,"A mobile phone/handset recovered as part of the investigation, pending forensic data extraction.",f0e8371f-96ac-406f-86a8-3809123ec5fc,0538e12f-c097-48aa-a915-cbce58c24001,EVD-F0E837-01,2025-02-22,a1ac6dda-cf2b-4f37-b3bf-4697fe4e7bff
6b78f423-1812-45c7-8765-405bff23f7bc,document,A set of documents including handwritten notes and printed receipts recovered during the investigation.,6e4ec153-2688-4ea5-bea3-e00f0777c86a,8970fbd6-6aef-45b0-9c43-bcb423be1445,EVD-6E4EC1-01,2024-10-03,1c6b2c51-aa55-4558-ae96-d1770fade444
ee3ef8e5-5062-4626-86cc-2f0152eb86e9,document,A set of documents including handwritten notes and printed receipts recovered during the investigation.,6e4ec153-2688-4ea5-bea3-e00f0777c86a,cc1a9eaf-455e-4d5e-bd79-a5b244d64a1f,EVD-6E4EC1-02,2025-01-30,1c6b2c51-aa55-4558-ae96-d1770fade444
4eefc24a-9063-4d1c-8ec8-33616118c623,electronic_device,"A mobile phone/handset recovered as part of the investigation, pending forensic data extraction.",3cd07ee4-0116-40eb-8174-ca2f649dffe8,5cfd4624-2057-46b8-8433-475f7f34adfd,EVD-3CD07E-01,2024-07-21,399368c8-c978-469c-be30-609d71bcffc7
fb349a9d-6620-474f-9f1a-5962ae4bf5b5,document,A set of documents including handwritten notes and printed receipts recovered during the investigation.,3cd07ee4-0116-40eb-8174-ca2f649dffe8,a95727d1-f69f-4a69-b79a-ab2d1a0b3b62,EVD-3CD07E-02,2024-06-13,399368c8-c978-469c-be30-609d71bcffc7
feb8ac19-3f21-4825-811e-848dc612a75c,document,A set of documents including handwritten notes and printed receipts recovered during the investigation.,6fd523c1-12b3-4ea2-b2be-da137b7efd04,2408f8fa-40e1-4898-8c25-6002bc585ef9,EVD-6FD523-01,2023-10-10,3a90b419-d49b-432d-b67f-8fef620d5ecd
5566d2b1-5fc5-4321-9ac9-3e375c968903,contraband,"A sealed package containing suspected contraband material, packed in plain wrapping without markings.",0f2accde-2c36-420b-915f-1672746f574c,a808b266-aab5-4467-9312-1ce4a3e3f472,EVD-0F2ACC-01,2023-10-27,f77c2362-fa09-4024-9ad2-7cf845b2b17e
3c6b2151-56df-46f5-b33d-549bb71fd34a,contraband,"A sealed package containing suspected contraband material, packed in plain wrapping without markings.",186c7276-5ec7-4e75-834f-0fc840760ce4,5d819959-67b8-47c8-9d65-bc44c7d4d99b,EVD-186C72-01,2025-02-18,3882bfc6-6f3e-42f1-acd5-875175110e2b
24731da9-e07d-4612-abb3-113a1d73ba34,contraband,"A sealed package containing suspected contraband material, packed in plain wrapping without markings.",186c7276-5ec7-4e75-834f-0fc840760ce4,dc8e1559-6099-4865-95e5-9e9953d32d75,EVD-186C72-02,2025-03-13,3882bfc6-6f3e-42f1-acd5-875175110e2b
0074f903-0ad0-450e-be8d-8a0bcd4598eb,document,A set of documents including handwritten notes and printed receipts recovered during the investigation.,5df90d3c-ba6e-437f-befe-7824f98ab232,9576f189-e8dd-425e-837c-dec57e83ab2b,EVD-5DF90D-01,2025-04-11,3882bfc6-6f3e-42f1-acd5-875175110e2b
5de88811-dac8-4a1e-a71d-a25098db0118,contraband,"A sealed package containing suspected contraband material, packed in plain wrapping without markings.",99c8be1f-5300-402c-86ec-b11c2ea49248,63978636-6654-4695-ae29-7aa73b410900,EVD-99C8BE-01,2024-08-21,b9753cbb-9cd4-451b-9705-22cc5bde2d04
04d56f96-f7a1-4655-af15-336b537bb896,vehicle_part,"A vehicle component/part recovered near the scene, tagged for forensic examination.",c883c922-9b56-40dc-9016-a7d901ab3d9e,dcb380f4-9879-4bcb-ac59-4ac3e201bf26,EVD-C883C9-01,2025-03-29,3a90b419-d49b-432d-b67f-8fef620d5ecd
486d85c5-9925-4aa0-8a2a-e828a0f0f1d0,contraband,"A sealed package containing suspected contraband material, packed in plain wrapping without markings.",2626cc05-f644-4f91-8491-ae67b54844bc,df5f0caa-f14d-4a23-a5ab-f47b4e66487c,EVD-2626CC-01,2025-02-05,3a90b419-d49b-432d-b67f-8fef620d5ecd
a891f235-768c-4213-998f-36ede22932a9,other,"An item of interest recovered in connection with a assault case, description pending further examination.",c6595b2d-e1cc-4fec-8efd-649da19ba576,2eb8c7d9-3c1f-46ff-948d-f3c71d400539,EVD-C6595B-01,2025-04-14,3bcf3cb2-15e9-4118-b082-241e75e7f818
87281f81-a71c-4fff-87a0-3283c396aed0,other,"An item of interest recovered in connection with a assault case, description pending further examination.",b88a5a6a-4bc9-4957-a08c-d1b0ebf86add,08ca7342-3588-4493-8a0a-1696c9a0615a,EVD-B88A5A-01,2024-06-05,3a90b419-d49b-432d-b67f-8fef620d5ecd
c69d1136-8d87-4cdb-89b3-e8f8e9ee57a4,weapon,"A sharp-edged weapon recovered during the investigation, tagged and sealed as evidence.",55d4d127-20bc-46ba-83a0-cde36e2c25a3,19538c5b-abb6-4310-934d-acd94ad76432,EVD-55D4D1-01,2025-03-16,0f50f615-7033-4550-b3c0-1327c1c40070
96457a1f-5d7b-42c8-bf64-a297a8f3c883,weapon,"A sharp-edged weapon recovered during the investigation, tagged and sealed as evidence.",aa86d8e1-983e-45e2-9ca4-cdd1d25b6646,2155aaf5-ee51-4357-9110-9dcfd2eb3383,EVD-AA86D8-01,2023-12-08,d890e6e8-e9d5-40b8-8d55-7f7573bd97a1
5bbfcd79-57c5-40f4-bf5d-244a875876d9,other,"An item of interest recovered in connection with a assault case, description pending further examination.",2746a1c8-a450-4a63-b37b-482aa564b607,64682cf5-fea8-41a1-bdcd-7f338397ecb2,EVD-2746A1-01,2025-04-23,b9753cbb-9cd4-451b-9705-22cc5bde2d04
a772c341-5bbb-4555-bcad-a3d82d8f3bbd,other,"An item of interest recovered in connection with a assault case, description pending further examination.",a83505be-8b16-4bd7-8d74-2777f87e9a16,6f3dbfb7-c824-4f39-ac28-8e4af871f805,EVD-A83505-01,2025-05-28,a1ac6dda-cf2b-4f37-b3bf-4697fe4e7bff
5ad979a2-5cd2-40da-9398-ccddbad78cb5,weapon,"A sharp-edged weapon recovered during the investigation, tagged and sealed as evidence.",9e1b62f9-2bb3-4b1d-9b12-0fa642d829a0,cdd4e8a5-2066-42db-b770-8791cd84a467,EVD-9E1B62-01,2025-05-04,44a689bd-ea9d-49fe-917d-79a7404e631f
7e0b17ad-163f-4f00-9ea9-729e36e90f70,weapon,"A sharp-edged weapon recovered during the investigation, tagged and sealed as evidence.",9e1b62f9-2bb3-4b1d-9b12-0fa642d829a0,1c055253-9ac9-419b-8d37-0734dec8e811,EVD-9E1B62-02,2025-05-22,44a689bd-ea9d-49fe-917d-79a7404e631f
92939fcd-0b5f-4337-8268-1179d62ae316,other,"An item of interest recovered in connection with a missing_person case, description pending further examination.",8151ea22-eb78-4603-bed3-35f765cd5c38,2eb8c7d9-3c1f-46ff-948d-f3c71d400539,EVD-8151EA-01,2024-06-12,d890e6e8-e9d5-40b8-8d55-7f7573bd97a1
f70739a2-919b-4a8d-83e1-9eaf0cd6ff36,other,"An item of interest recovered in connection with a missing_person case, description pending further examination.",8151ea22-eb78-4603-bed3-35f765cd5c38,14ce1950-af94-4fa4-8751-01c5790a1ec0,EVD-8151EA-02,2024-07-17,d890e6e8-e9d5-40b8-8d55-7f7573bd97a1
fb031675-2cef-4364-b9ba-39def3f87056,document,A set of documents including handwritten notes and printed receipts recovered during the investigation.,4075d07d-a7aa-40c0-af19-4ba3530271a5,43d7c3eb-4572-4804-9122-1309bdfe0958,EVD-4075D0-01,2023-12-19,a1ac6dda-cf2b-4f37-b3bf-4697fe4e7bff
c33d9a4d-43fb-4635-a861-f864f8396e4a,document,A set of documents including handwritten notes and printed receipts recovered during the investigation.,85dcc87d-03db-430b-a1ca-98d7b727bd89,b15ad228-a32d-473e-bae4-4b97bf0674fc,EVD-85DCC8-01,2025-04-22,b9753cbb-9cd4-451b-9705-22cc5bde2d04
7f1ea664-5e82-419e-9dc4-e37cfa9800d4,other,"An item of interest recovered in connection with a missing_person case, description pending further examination.",306fb409-1acd-4304-9240-a6ffa1381731,e3bada65-8b55-4a30-85a2-dc6fe9ee3558,EVD-306FB4-01,2025-04-21,0f50f615-7033-4550-b3c0-1327c1c40070
2dd6cab1-df4b-4510-9865-89123472ecd4,other,"An item of interest recovered in connection with a missing_person case, description pending further examination.",0e12daed-dc20-40b3-8832-ffae12639f39,ea675771-73dc-451e-9807-2c15df7a67e7,EVD-0E12DA-01,2024-12-15,3bcf3cb2-15e9-4118-b082-241e75e7f818
6cee4165-4f83-4393-813a-259e4578e3db,document,A set of documents including handwritten notes and printed receipts recovered during the investigation.,ed30eecf-73ab-48c3-8d22-17fa2edee781,8d150b62-500a-4202-94ff-3d2ac3874acf,EVD-ED30EE-01,2024-07-12,c0975979-9043-4963-855f-ca856764a207
c7ae3c0f-6a68-479c-b24d-352a3dfb4fd0,document,A set of documents including handwritten notes and printed receipts recovered during the investigation.,ed30eecf-73ab-48c3-8d22-17fa2edee781,a0eec687-e78f-40c8-b68d-013ff0f8149c,EVD-ED30EE-02,2025-02-02,c0975979-9043-4963-855f-ca856764a207
697270a9-d8d4-4316-a665-b066c6de5e5c,document,A set of documents including handwritten notes and printed receipts recovered during the investigation.,2eb3c08b-8e63-45a6-812a-f99cb3f447ec,f838506b-3505-4556-8b85-9a857869ed03,EVD-2EB3C0-01,2024-11-07,f77c2362-fa09-4024-9ad2-7cf845b2b17e
add4cb9a-3e0a-4c85-8d91-6802a245f96f,weapon,"A sharp-edged weapon recovered during the investigation, tagged and sealed as evidence.",28ced12b-8d14-4609-9781-aef154d1f63f,5a14c393-ced5-4851-a7b1-b3ac69a36268,EVD-28CED1-01,2025-05-23,d0184a09-161d-4442-9ae0-17c96fb4622e
845c20ed-636e-4e9f-aab5-d10de003777a,weapon,"A sharp-edged weapon recovered during the investigation, tagged and sealed as evidence.",64aaac8b-2f9b-48c9-81c8-676200ea7a71,c4f62b70-61d1-4499-80f7-5a45304209cd,EVD-64AAAC-01,2023-10-10,0f50f615-7033-4550-b3c0-1327c1c40070
25aca0ec-8f49-4cb9-a1c2-3a8fc566cdb4,jewelry,"An item of jewelry recovered during the investigation, pending identification of rightful owner.",862d2be7-a639-4e04-9b56-432b9d9a2906,b18f2195-fcf3-41ca-8018-a6fdb26f816e,EVD-862D2B-01,2025-04-30,d0184a09-161d-4442-9ae0-17c96fb4622e
1815b4f7-846d-4c6a-8aaf-0a9695a9aed8,cash,"An unmarked bundle of currency notes recovered during the investigation, denomination mixed, amount pending verification.",862d2be7-a639-4e04-9b56-432b9d9a2906,b974a4fe-d224-49b8-98a4-c692f3c90e8c,EVD-862D2B-02,2025-04-13,d0184a09-161d-4442-9ae0-17c96fb4622e
96e22d8a-a6d9-442e-a4ab-a1f84477e497,weapon,"A sharp-edged weapon recovered during the investigation, tagged and sealed as evidence.",f597c597-e3e3-4f43-a9a1-0f77e79b3698,206f0ab9-49f7-456e-9b19-4e7e0aae328b,EVD-F597C5-01,2024-12-01,1c6b2c51-aa55-4558-ae96-d1770fade444
7b0317b8-38a0-4fa5-b5e5-632b672dc5da,weapon,"A sharp-edged weapon recovered during the investigation, tagged and sealed as evidence.",f597c597-e3e3-4f43-a9a1-0f77e79b3698,c5e16f2f-973d-40a6-8c8d-3ac71445e741,EVD-F597C5-02,2025-05-26,1c6b2c51-aa55-4558-ae96-d1770fade444
1b7f09e3-d616-492f-9326-9368767631db,weapon,"A sharp-edged weapon recovered during the investigation, tagged and sealed as evidence.",2e65ce5c-71f9-480b-8583-5a4077523aed,c0ccc50e-59e2-4ce9-98d3-5b931dd2ae0f,EVD-2E65CE-01,2024-12-24,a1ac6dda-cf2b-4f37-b3bf-4697fe4e7bff
9bfc591e-9399-4263-ab16-010b54cf8f25,jewelry,"An item of jewelry recovered during the investigation, pending identification of rightful owner.",74dd3ce2-a7b9-4da7-b8a1-52b24fd70e43,d13753dd-3346-4b84-ab78-25ec9d98f4ed,EVD-74DD3C-01,2024-09-10,3a90b419-d49b-432d-b67f-8fef620d5ecd
e100ec9c-1d60-41a6-b464-3ca9667a6613,weapon,"A sharp-edged weapon recovered during the investigation, tagged and sealed as evidence.",2a684c71-4f34-48e8-9e6d-f484768e9414,a0cd17ed-a200-49a7-8fbf-3ae6e0a3402a,EVD-2A684C-01,2024-10-12,b9753cbb-9cd4-451b-9705-22cc5bde2d04
fe85f444-bf9f-4274-a603-5f703c48f588,cash,"An unmarked bundle of currency notes recovered during the investigation, denomination mixed, amount pending verification.",2a684c71-4f34-48e8-9e6d-f484768e9414,37df37f9-0726-4b31-8b2f-f3089057ec43,EVD-2A684C-02,2024-09-28,b9753cbb-9cd4-451b-9705-22cc5bde2d04
ae5d7af0-f7e9-449b-93de-a25f84e8fee4,cash,"An unmarked bundle of currency notes recovered during the investigation, denomination mixed, amount pending verification.",d1a84f74-a7bb-49b2-b8d3-976d93d38daa,ba17b826-5d57-4eaf-9f44-6207f6f5c104,EVD-D1A84F-01,2024-11-08,44a689bd-ea9d-49fe-917d-79a7404e631f
9796aead-f492-4686-a432-cd9c95cd647b,weapon,"A sharp-edged weapon recovered during the investigation, tagged and sealed as evidence.",4f628db8-cafc-4171-813e-9c7715bf87e1,a5ae5e74-58f0-41c4-a661-a7d6740a7ed4,EVD-4F628D-01,2024-12-17,3a90b419-d49b-432d-b67f-8fef620d5ecd
9bd5ecfc-edea-499d-bac9-eafce6b68a91,weapon,"A sharp-edged weapon recovered during the investigation, tagged and sealed as evidence.",a906a912-211b-4d75-a052-9e7991e9a260,ac981fbf-5c23-4f68-9de4-18399d8c9fda,EVD-A906A9-01,2024-09-05,d890e6e8-e9d5-40b8-8d55-7f7573bd97a1
93781be4-54f4-4e4d-95fe-7d66d276cc93,cash,"An unmarked bundle of currency notes recovered during the investigation, denomination mixed, amount pending verification.",b0a2c2f7-0d93-4b20-89c4-a943ac8b44a7,1c999a98-2351-4786-bf7d-c1a622ce58c6,EVD-B0A2C2-01,2024-05-19,d0184a09-161d-4442-9ae0-17c96fb4622e
b95e8b66-c22f-4cdb-a731-c6696dd20c73,jewelry,"An item of jewelry recovered during the investigation, pending identification of rightful owner.",dc78a2bc-f59d-4e50-ad7e-b613cdf894c2,2cab61da-ab35-4b04-b36b-5d7b50c40fad,EVD-DC78A2-01,2024-06-30,3882bfc6-6f3e-42f1-acd5-875175110e2b
ba160f40-85d3-4fc4-b4c8-def64b9d9dc7,document,A set of documents including handwritten notes and printed receipts recovered during the investigation.,c1c38a5c-48c0-449f-986b-ee15b24bb558,8e9cc757-8e08-430a-8332-8253a7e50e4a,EVD-C1C38A-01,2025-03-20,3bcf3cb2-15e9-4118-b082-241e75e7f818
44e0d12d-360d-4086-954e-b29fdacfaa13,document,A set of documents including handwritten notes and printed receipts recovered during the investigation.,a5946d0c-3dd2-4747-87e6-dab3273b8edd,ffc518cd-9ef1-420a-a8b8-4036843332cb,EVD-A5946D-01,2025-05-05,399368c8-c978-469c-be30-609d71bcffc7
ef8e2d5f-49f4-4561-b2ef-8e05c6e09e4a,document,A set of documents including handwritten notes and printed receipts recovered during the investigation.,a1525c76-83db-45ff-8b10-65aed86c393f,abd41776-523c-4918-9516-5079a3db4a3b,EVD-A1525C-01,2025-04-23,f77c2362-fa09-4024-9ad2-7cf845b2b17e
741af92f-d9c3-4891-8fbb-00d0106ea3d1,electronic_device,"A mobile phone/handset recovered as part of the investigation, pending forensic data extraction.",2c499bb1-b083-4669-9e0a-669387b0d365,68b5f557-0e71-4db7-9e1d-1752bc421e6a,EVD-2C499B-01,2025-04-23,c72b3670-988d-4140-b70e-75cb3ec17b11
9227b820-17e7-4615-873e-0651c768d563,other,"An item of interest recovered in connection with a other case, description pending further examination.",d560c216-fe10-4c15-8742-e7cf32118be3,402083c8-4ed6-47fd-8bd5-1935ea2cf801,EVD-D560C2-01,2024-07-03,d0184a09-161d-4442-9ae0-17c96fb4622e
23685400-7088-4c61-a586-b65582c1c851,other,"An item of interest recovered in connection with a other case, description pending further examination.",c02c1acf-0cd9-41df-8448-9c0e5eebed97,9e769a94-ff05-4ddd-b68a-bb6038f253f8,EVD-C02C1A-01,2025-03-18,399368c8-c978-469c-be30-609d71bcffc7
2551e0c3-4a69-4a3b-b28d-edc079eb0bf9,document,A set of documents including handwritten notes and printed receipts recovered during the investigation.,dbb8c6dc-1d61-4d8c-a6ee-123b24798735,2f49ae34-73a4-4c90-a2a9-e39ffa43004b,EVD-DBB8C6-01,2025-01-15,a67d384b-edfc-4caa-8a46-8b72e3208724
954f3d49-96cb-402a-9a49-5265ae78bcac,document,A set of documents including handwritten notes and printed receipts recovered during the investigation.,b720a3ba-0761-4c94-8f67-3977a371769e,1566dfa7-583e-4869-b4e2-ec7267bbbf29,EVD-B720A3-01,2025-04-18,a1ac6dda-cf2b-4f37-b3bf-4697fe4e7bff
