vehicle_id,registration_number,vehicle_type,make,model,color,owner_person_id,registered_location_id,associated_person_ids
b138a73e-3c81-436a-b1fc-8fd411a17611,RJ15KK2686,car,Maruti Suzuki,Swift,Grey,5d306493-b101-41ff-8897-5fb63e8d853f,c02d795c-a08a-4eac-b4c4-4fefaf879cf7,
7af9253e-c6dd-43a7-83a0-b71a7627f8d7,RJ35LN7356,motorcycle,Hero,Splendor,Blue,7a8dcb3d-2353-4f1c-8481-583a228493ce,c02d795c-a08a-4eac-b4c4-4fefaf879cf7,
545690a3-d5f0-4b50-83b6-20e9ee1d4c52,RJ41WE8753,motorcycle,Honda,Activa,White,7a8dcb3d-2353-4f1c-8481-583a228493ce,c02d795c-a08a-4eac-b4c4-4fefaf879cf7,47635c92-ffa4-4fc8-b344-531214f40b95
27cd771a-38e7-4c01-9eeb-e6354c534b8b,RJ54BC3317,car,Hyundai,Creta,White,da22d3e9-8ebe-4152-94ca-c6259d859ad8,c02d795c-a08a-4eac-b4c4-4fefaf879cf7,
1f041f7f-9b06-4b00-9a93-22fb9d314b87,UP47RA9200,motorcycle,Hero,Splendor,Blue,6bfc4329-68a0-4317-9c16-a40b7be04ac2,86fefb20-41f1-4cf7-8888-b9afdb990b01,
01980e9b-0455-48db-8e4d-abb8db5c5b32,UP39YP7277,van,Mahindra,Bolero Camper,Black,16817167-1c76-444a-b3c0-c65e54712a2a,86fefb20-41f1-4cf7-8888-b9afdb990b01,
aad89d10-c0b3-43f3-a621-ccf0b7c76ef7,UP14VL8275,motorcycle,Bajaj,Pulsar,Grey,7d6f20e1-961e-46de-8504-3ea2f6d7692a,86fefb20-41f1-4cf7-8888-b9afdb990b01,4be433a6-e91f-404d-b1bd-7d3d856145d8
aaf165b5-2747-47e7-88bb-d9f8451e245e,UP36HP2250,car,Mahindra,Bolero,Silver,3c9c5911-b0c5-46cd-8e9f-f136e566c0be,86fefb20-41f1-4cf7-8888-b9afdb990b01,
13cc38db-b0e9-4876-a2d4-c02af34b0ab4,UP36EY4797,motorcycle,Hero,Splendor,Red,24abd191-d037-4855-b375-7a464e656ced,86fefb20-41f1-4cf7-8888-b9afdb990b01,
e9f6de51-6be8-4ac0-a9ae-ca3eeec557eb,UP16GR5028,van,Tata Motors,Winger,Black,6641b356-0f73-4184-9190-a96424cd43c5,86fefb20-41f1-4cf7-8888-b9afdb990b01,
974a9429-9144-46e5-9cf4-f82d53e2c636,UP34JC8018,truck,Tata Motors,LPT 1109,White,6641b356-0f73-4184-9190-a96424cd43c5,86fefb20-41f1-4cf7-8888-b9afdb990b01,43d397f3-6279-4e7b-b1e1-d2dd053d82d2
d31fa7b0-5f39-484a-9c09-f66d6f8ac25c,UP28AQ8705,car,Mahindra,Bolero,Grey,39967684-7922-4d5f-a5c0-c1f2a4d2eb10,86fefb20-41f1-4cf7-8888-b9afdb990b01,
db23cfec-b8a5-491f-87d5-3ea6c4b114c3,TN01PP6790,car,Tata Motors,Nexon,Red,f6a345fd-f373-45ae-897b-3a5e448f0a10,c0975979-9043-4963-855f-ca856764a207,
fab25158-ce7f-4586-af2f-7ce22e9dc537,TN26ZD0946,auto-rickshaw,Bajaj,RE Compact,Maroon,c453596c-6636-48eb-9b21-2a9aab157eab,c0975979-9043-4963-855f-ca856764a207,
a49a1f8c-4bf5-410f-a500-15432174485d,TN43UV6477,car,Kia,Seltos,White,54c82bdd-31ea-4ed6-9d88-87aa3fa602dd,c0975979-9043-4963-855f-ca856764a207,376f27e4-a6c9-48fb-be55-e53c25f6e965
91a3a90f-9126-483f-981f-8636d6626174,TN42ES9445,motorcycle,TVS,Apache,Silver,a58cce80-7076-468f-94d2-5d9da15f955b,c0975979-9043-4963-855f-ca856764a207,
8b478ce7-f415-4029-8184-3344033cc131,TN60XY1648,car,Maruti Suzuki,Swift,White,a58cce80-7076-468f-94d2-5d9da15f955b,c0975979-9043-4963-855f-ca856764a207,
799fe875-7718-41c3-9813-f646e33c3a5f,UP15MZ8419,car,Hyundai,i20,Blue,01a47444-734f-4ef7-a3a4-92fd4f5673d8,5de0aec7-f8dc-425d-8e90-d5e96c9c6fb3,
ba8b93c2-8c92-432b-a56b-c5caccb67c48,UP19JV2188,car,Mahindra,Bolero,Blue,f41f457b-1975-41bc-97f0-d83efefcce31,5de0aec7-f8dc-425d-8e90-d5e96c9c6fb3,780380a3-fe83-4fb6-980c-cab0208c14fb
f7de5e8f-fcce-44eb-acfc-b8d29c017ed9,UP14BR3619,car,Tata Motors,Nexon,Blue,43fbb141-67d7-4de2-8f11-99a6591b1748,5de0aec7-f8dc-425d-8e90-d5e96c9c6fb3,
b37d5bcc-1076-40eb-b069-d296fa29aed4,UP19SG5003,motorcycle,TVS,Apache,Grey,a0eec687-e78f-40c8-b68d-013ff0f8149c,5de0aec7-f8dc-425d-8e90-d5e96c9c6fb3,
8299c958-cf25-4c1e-9215-b06cfb7845a2,UP29BU3055,motorcycle,Hero,Splendor,Blue,745b0fba-f5d3-40c3-9aa5-758b06aa1954,5de0aec7-f8dc-425d-8e90-d5e96c9c6fb3,
9f8e9b05-9528-46cc-8699-8b7fdcb95c5c,UP22EL8433,motorcycle,Bajaj,Pulsar,Blue,5bac2cac-75e9-4981-98e1-8b843874d8fd,5de0aec7-f8dc-425d-8e90-d5e96c9c6fb3,
30617b77-094a-42fd-be77-7c1ca24c332b,UP22MS4014,auto-rickshaw,Bajaj,RE Compact,Blue,8f894cdd-94c2-4c60-b0af-002ffeeb7d56,c72b3670-988d-4140-b70e-75cb3ec17b11,
41d82c6a-91d2-4b8d-a387-10bddb9b793f,UP10ES0123,motorcycle,Royal Enfield,Classic 350,Maroon,dd4f5e05-61d1-41cf-8117-8089f01c9c54,c72b3670-988d-4140-b70e-75cb3ec17b11,
63ddfba5-ff05-4e8c-9d02-dc09b2d711a7,UP27ZJ7311,truck,Tata Motors,LPT 1109,Grey,1625d745-435b-464f-8b41-7bb07e32d54f,c72b3670-988d-4140-b70e-75cb3ec17b11,
17374a3e-2982-42c3-877b-ff3891f26bdf,TN40KR3286,motorcycle,Royal Enfield,Classic 350,Blue,1566dfa7-583e-4869-b4e2-ec7267bbbf29,c059e218-b273-4941-8842-7fa64f52a475,
4956fd0b-e3c8-44b2-ac88-0da55d41fd20,GJ42GC5527,motorcycle,Honda,Activa,Blue,a6e01bb6-e7d3-41a8-8e60-51bb1616d131,014215a7-d217-430a-8364-14c98610181e,
089723da-53cf-433a-a375-a7fb01448f5f,GJ52FP8980,truck,Eicher,Pro 2049,Silver,301d5ff0-c633-470a-991d-b434ba34b84c,014215a7-d217-430a-8364-14c98610181e,
ef5c22e5-2ce9-4044-9360-da96f65e318a,GJ05XZ6088,motorcycle,TVS,Apache,Silver,712d9149-66e4-4e37-87a3-98f91e39528b,014215a7-d217-430a-8364-14c98610181e,
128fa0be-bdb6-4c91-b5ce-cab912829606,GJ35MS5198,motorcycle,TVS,Apache,Grey,a3ea767d-af72-417a-985f-a19a89b8725a,014215a7-d217-430a-8364-14c98610181e,
36faf908-735c-4bb6-ae21-ae1cae2cb542,GJ31SG5922,van,Tata Motors,Winger,White,b24af610-2d8d-4597-b400-5c224281b9ee,014215a7-d217-430a-8364-14c98610181e,
69b49ae9-d18a-47d3-aa21-324516750069,MH04VY6785,motorcycle,Royal Enfield,Classic 350,Black,7d9588a6-ed36-4e65-a049-b78ff1fed110,dcab7c79-270b-4d35-ad1e-3714b5b3d15b,
871935b8-5254-4e6c-98a8-c3bb67c62c19,MH56QR7646,van,Tata Motors,Winger,Red,3b2df297-1cf6-4878-9cdd-a165757f4d13,dcab7c79-270b-4d35-ad1e-3714b5b3d15b,
4249762d-2ea7-4be4-8092-b64b93abdf2b,MH23XH4148,car,Maruti Suzuki,WagonR,White,f1a8d7c2-5601-4f24-9a1e-a4602b9fc452,dcab7c79-270b-4d35-ad1e-3714b5b3d15b,
fe197a46-5a54-461d-993e-616af1775e00,MH47EY9704,motorcycle,Honda,Activa,Blue,f0b9c854-5c74-4e1d-9a3e-d98aad2eb796,dcab7c79-270b-4d35-ad1e-3714b5b3d15b,
2f4ed922-e967-49e4-a2b2-c62325c1c227,MH55YR5515,motorcycle,Hero,Splendor,Black,97c19247-87ac-486f-ac15-862d7a702684,dcab7c79-270b-4d35-ad1e-3714b5b3d15b,
c4136d58-a475-4dd9-b0d7-2543429c4f37,MH22UZ9176,auto-rickshaw,Bajaj,RE Compact,Black,97c19247-87ac-486f-ac15-862d7a702684,dcab7c79-270b-4d35-ad1e-3714b5b3d15b,
e9cee899-6b5c-4bd9-8d59-1b3b50351478,WB44AA0704,motorcycle,Royal Enfield,Classic 350,Blue,ffb11dae-2aff-4e98-8384-6b2169e79785,943731aa-f7f4-45ff-b9ae-48f396e860e0,
52bde9e2-a9db-45d6-a0a2-745edc5f310c,TR09YD7070,van,Maruti Suzuki,Eeco,Blue,1b6cec20-660f-4e8c-a927-c4b64d300ec3,cc25d34d-0396-4913-b1c3-0766f4f66c68,
c8ca3286-5761-4bc2-80a4-472862ef0e1c,TR55DQ4700,motorcycle,Bajaj,Pulsar,Black,c8388749-8792-499f-8d2c-46c54adc4495,cc25d34d-0396-4913-b1c3-0766f4f66c68,
31d5b285-b208-4075-b795-86647545ad1e,TR24GH5390,car,Maruti Suzuki,Swift,Silver,718c8dcc-4632-4831-aa1a-5706160a9a02,cc25d34d-0396-4913-b1c3-0766f4f66c68,
66330daf-244d-45c6-97e6-40f4c410eb34,TR16VK5415,car,Tata Motors,Nexon,Maroon,760ca9ec-df70-4aa9-a799-c8069fb2dc29,cc25d34d-0396-4913-b1c3-0766f4f66c68,
b7206d42-6497-4340-8508-a91ffff4dfdb,TR55NA7521,van,Mahindra,Bolero Camper,Silver,91cd6afb-4617-4190-8d3d-0b5d013a15ca,cc25d34d-0396-4913-b1c3-0766f4f66c68,
60a89ed7-168c-497c-a383-2a74fdce07bf,TR48TU8058,motorcycle,Royal Enfield,Classic 350,Red,ae38c930-a117-47db-80b6-e927f80e043e,cc25d34d-0396-4913-b1c3-0766f4f66c68,
071fc4e5-65c7-4d92-9127-6180f5056d33,AS39WL1520,motorcycle,Hero,Splendor,Grey,07834000-fe76-48d2-80ce-6b74fc220c82,577a7f7d-a1ab-4ae4-a4a4-967c0db47f84,
6c185d0e-9ea8-49bb-9dfb-ccb98a630a16,AS55ND9123,motorcycle,Honda,Activa,Grey,43d397f3-6279-4e7b-b1e1-d2dd053d82d2,577a7f7d-a1ab-4ae4-a4a4-967c0db47f84,
3c65874e-77f3-4fad-8c83-2b5bf0b2c3bc,AS32UT2495,motorcycle,Royal Enfield,Classic 350,Black,5cfd4624-2057-46b8-8433-475f7f34adfd,577a7f7d-a1ab-4ae4-a4a4-967c0db47f84,
bd1bdbd0-4249-41c1-85b0-9add0ebbfbfc,UP43TQ5199,car,Toyota,Innova,Black,df8f9173-d8b6-46df-ad3c-2ebcbba09b2e,f0f86fcc-117f-4c6d-8a1e-46c45b1b8072,
27b74bc7-6213-42bf-91d9-b734f21c74d2,UP46WH9484,truck,Tata Motors,LPT 1109,Black,6682d7a0-40b3-4146-9c36-1cf8a8ec6ee9,f0f86fcc-117f-4c6d-8a1e-46c45b1b8072,54c82bdd-31ea-4ed6-9d88-87aa3fa602dd
1ac50a94-fe85-4906-b4a2-053e20d23874,UP25GB5387,auto-rickshaw,Bajaj,RE Compact,Maroon,012daffe-1970-46c9-a13d-c4bacae01ef1,f0f86fcc-117f-4c6d-8a1e-46c45b1b8072,
aab860ef-e453-4ba9-9b9a-2959facf3d10,RJ03KA4505,motorcycle,TVS,Apache,Silver,75680bcc-ed61-4f6b-82cc-ee0ee0cc0418,136eff02-aaa9-4d02-9322-e157b879657b,
5a89c342-ca70-48fc-b0e5-557f05984c09,RJ19SX2210,car,Tata Motors,Nexon,Silver,75680bcc-ed61-4f6b-82cc-ee0ee0cc0418,136eff02-aaa9-4d02-9322-e157b879657b,
4cca88d0-79ce-49f8-8fbb-d8a761b71693,RJ60VC3042,van,Tata Motors,Winger,Red,e2d76151-3686-452b-b77e-22284bd5ee00,136eff02-aaa9-4d02-9322-e157b879657b,
90e7bc92-9c18-4a85-b726-9fc79ddbaa72,WB57RC4008,motorcycle,Bajaj,Pulsar,Silver,9a4680dd-40f5-4b82-aa4c-99ee4feb8599,6c9f7d43-814e-48e7-8081-7acd5dc54b0a,
e8125890-60e2-443b-8da1-0efe162c2329,WB09SC3772,motorcycle,Bajaj,Pulsar,Maroon,59b6287b-4b20-4b6f-a0b3-d60ecf53823d,6c9f7d43-814e-48e7-8081-7acd5dc54b0a,
68b585e8-95e3-440e-9429-f93191d165db,PB25XA4554,car,Mahindra,Bolero,Red,bff07c3e-99b6-4e90-b956-a2a3d0d834be,63567c45-207e-4463-9fb3-9061aea4680e,
e333b151-fcb6-4ab0-8fc1-6df41cf27f93,PB17AD0290,car,Toyota,Innova,Grey,60ca7f45-5c8b-45bc-9118-f8b0b54b9cc3,63567c45-207e-4463-9fb3-9061aea4680e,
ef1568c8-95d8-4eef-a434-484885a6628a,RJ23WC4185,auto-rickshaw,Bajaj,RE Compact,White,23b2c16e-a372-4057-94cd-b19071edd156,3bcf3cb2-15e9-4118-b082-241e75e7f818,
0dec3d9a-1fb3-4a7d-8776-ff1e005021a6,RJ12UT9101,motorcycle,Honda,Activa,Maroon,1173569c-c9f7-4111-adcd-efbdda71c32c,3bcf3cb2-15e9-4118-b082-241e75e7f818,
dfeb0635-9e89-401d-8a96-85050cdbddb4,RJ19SR4844,car,Toyota,Innova,Maroon,f29f2bb9-bc41-4751-856b-64748d5f640a,3bcf3cb2-15e9-4118-b082-241e75e7f818,
d6381592-a8e4-4a69-a6c4-2a469b829a55,RJ21BU4565,motorcycle,Bajaj,Pulsar,Grey,5ce28779-6af5-400c-b3bb-0933d4c6adab,3bcf3cb2-15e9-4118-b082-241e75e7f818,
c578b49a-3123-4b4f-bc38-062f5cf0dd1b,RJ48CZ0802,auto-rickshaw,Bajaj,RE Compact,White,5a6f730b-aff6-4672-843f-6f051b6ca392,3bcf3cb2-15e9-4118-b082-241e75e7f818,
069a9ca4-eb26-48ba-af7f-b14f4c703942,RJ57ZM8968,motorcycle,Honda,Activa,White,5a6f730b-aff6-4672-843f-6f051b6ca392,3bcf3cb2-15e9-4118-b082-241e75e7f818,
3c6ff75b-a492-4481-8b18-efd204025233,AS14WC5610,truck,Tata Motors,LPT 1109,Grey,950a52da-4854-412c-a6bf-4f7e6f93cbb4,b9753cbb-9cd4-451b-9705-22cc5bde2d04,
42da9488-a317-4322-9706-de3c1c078c0d,AS48EB5916,auto-rickshaw,Bajaj,RE Compact,Grey,4556cc56-b8be-4b38-9780-75ecd506fb1d,b9753cbb-9cd4-451b-9705-22cc5bde2d04,
9afd110f-a58a-43d0-b518-64de74a0af28,AS33YS8013,motorcycle,Royal Enfield,Classic 350,Red,4556cc56-b8be-4b38-9780-75ecd506fb1d,b9753cbb-9cd4-451b-9705-22cc5bde2d04,3c9c5911-b0c5-46cd-8e9f-f136e566c0be
1eead699-5e30-4137-bbbd-77b68f89eb1e,AS24CQ2947,motorcycle,Bajaj,Pulsar,Blue,0fb96ed8-041e-420b-b723-2793c20c2712,b9753cbb-9cd4-451b-9705-22cc5bde2d04,
67a81e6e-225f-4bb8-aa50-9abe5d82cf62,AP04LC4914,motorcycle,Hero,Splendor,Silver,cdd4e8a5-2066-42db-b770-8791cd84a467,60e018cc-80fd-40d1-be1b-e65e6d11acc3,
89c72f76-1f43-43bc-a20d-80da8c851df7,UP14ZS7415,truck,Tata Motors,LPT 1109,Maroon,9b8c97f6-e515-44fa-9b93-a3cbf7295baa,0be8fffc-3af0-4ad1-baad-28ec2aa7f02f,
bcbed11f-c9c1-41c4-8e77-32fc206c036a,UP30JF6458,motorcycle,Royal Enfield,Classic 350,Black,9b8c97f6-e515-44fa-9b93-a3cbf7295baa,0be8fffc-3af0-4ad1-baad-28ec2aa7f02f,50873f12-f502-48f0-b7b9-1ca825fbb932
e180dfbb-c5ff-49ef-af48-89730b958803,UP35UM6773,auto-rickshaw,Bajaj,RE Compact,Black,37df37f9-0726-4b31-8b2f-f3089057ec43,0be8fffc-3af0-4ad1-baad-28ec2aa7f02f,
74d4e016-9e88-4f1b-b5cf-90f61028fea3,MP13LF1564,motorcycle,TVS,Apache,Grey,c43f25b6-bdab-41df-af25-ba497e89655f,f9e138a1-81a9-4077-9fbb-2529525867ac,
35b84cf9-69b8-45e9-8423-eb89822b5bfb,HR13KQ5757,truck,Tata Motors,LPT 1109,Maroon,70d0585c-9eb6-46d7-b039-8f15e36d4347,3caa4f89-9dce-4bf1-8c9a-0c858356d4aa,
62bbb2cf-c173-42d8-b301-dbbcd631e512,HR01AE5405,truck,Ashok Leyland,Dost,Maroon,3643d4ea-27fb-4c10-8358-963c6f1a841f,3caa4f89-9dce-4bf1-8c9a-0c858356d4aa,4285df9b-9b16-4ccd-9844-3508c0d49fdc
1ef01e5e-634e-4bda-8aef-e6a27c1aaadb,HR44KT7675,truck,Ashok Leyland,Dost,Silver,3643d4ea-27fb-4c10-8358-963c6f1a841f,3caa4f89-9dce-4bf1-8c9a-0c858356d4aa,
00628086-1a90-4d99-98f1-bf8b2163e6f9,AP36QW1642,motorcycle,Hero,Splendor,Red,c9190ae0-9ff8-4240-b559-64fbc4dc582f,2ed4c69b-411d-4afd-bb03-e20234666fd9,
d31a48c8-5d31-4510-83ba-0b456b5e209c,AP12MB6598,motorcycle,Hero,Splendor,Blue,85de23ea-794a-4511-8e5b-461cbfd3dd6d,2ed4c69b-411d-4afd-bb03-e20234666fd9,
c2f65a21-78de-43bd-bb59-fc4261986231,AP17WF0271,motorcycle,Hero,Splendor,Maroon,a0fd26b1-ebe8-444f-a370-1f69ceb12d7d,2ed4c69b-411d-4afd-bb03-e20234666fd9,
4c05b0eb-5829-4f0e-a317-cb2068c33193,JH49YK7119,motorcycle,Honda,Activa,Red,8bf5bca2-0eff-4aa6-8c12-075555eff9be,bbdca28f-c49f-4ec2-8ae6-6634c58f2755,
208ec3ec-108f-4d98-b5be-db5fe32c334b,JH07KQ4481,car,Maruti Suzuki,Swift,Red,27c380f2-fa41-483e-b931-a7a973ccb69a,bbdca28f-c49f-4ec2-8ae6-6634c58f2755,
a44bafa7-8d9c-4e74-a183-4943a323946d,JH54SE5356,motorcycle,Royal Enfield,Classic 350,White,4285df9b-9b16-4ccd-9844-3508c0d49fdc,bbdca28f-c49f-4ec2-8ae6-6634c58f2755,
0426a937-0d94-45b6-bc13-062acf44f77f,RJ55QQ4707,motorcycle,TVS,Apache,Maroon,97e7a266-16cc-4dad-adfa-180239b5ab7e,f4943b36-f9dd-415b-832e-bfdfc44bfab0,
43e2b662-2529-4fe8-bc68-e38586f1495b,RJ35XJ2518,motorcycle,Hero,Splendor,Maroon,2378adc7-f645-4d69-829e-b8382e9bd302,f4943b36-f9dd-415b-832e-bfdfc44bfab0,
70135806-fb3a-41f7-9362-15c0ff556de6,RJ49LV3082,motorcycle,Hero,Splendor,Black,16279b5f-489c-4c08-842d-99d95e761f7a,f4943b36-f9dd-415b-832e-bfdfc44bfab0,
5a1c2fec-722c-451a-b9d6-eca0e906afb9,MH12MW9185,auto-rickshaw,Bajaj,RE Compact,Maroon,1fdabe6f-b1a8-400f-a55a-a40837310fe1,12fd7c68-ddcd-4eb1-8122-5e012bed78f1,
35f57cdf-535c-4f89-8dc3-784c47b88ca6,MH51NC3880,car,Toyota,Innova,Maroon,c45888a0-87c5-4928-bdb0-7387fec57a59,12fd7c68-ddcd-4eb1-8122-5e012bed78f1,
356d0e32-31eb-42df-ab3a-363bd41a4268,UP37NF1535,car,Mahindra,Bolero,White,b02b7697-210d-41fa-b47e-669c17cda55e,5d59a820-d519-48f6-8e6a-e6c34bb77689,
f3689449-847d-47b2-aa52-2ba8672d9687,UP34BU4457,motorcycle,TVS,Apache,Silver,e083e15f-9b47-4fd8-98ab-6971ee549401,5d59a820-d519-48f6-8e6a-e6c34bb77689,
32cd0cdc-1417-43cb-b93a-7ea73416cc9e,GJ13SW3370,motorcycle,Bajaj,Pulsar,Red,bc223b5f-d9bc-4d63-a898-f1dc456051db,3589d79f-1eb4-48f8-9a21-e9aead62416a,
5a6f3ac5-fbae-46f5-a2a3-a2a9723d71c2,GJ27GK9773,truck,Ashok Leyland,Dost,White,3699f0b3-dabc-477c-82a0-5d2c5b556d40,3589d79f-1eb4-48f8-9a21-e9aead62416a,
e5bdba2d-d1f7-4999-b4c1-1aefe0565be8,UP56QB8923,motorcycle,TVS,Apache,Maroon,2fe671bd-327f-4093-bb86-bca3ced20e65,3db20bf7-9a12-4ec3-a10b-d0b44db05cb1,
50200960-b2f4-4008-8a73-db0939070aed,UP57GA4012,car,Maruti Suzuki,WagonR,Grey,1139fc2f-985e-4f50-8e45-0420dbca121a,3db20bf7-9a12-4ec3-a10b-d0b44db05cb1,
1330188b-7a3f-4ec3-a10f-67e68626f243,UP44LN1297,motorcycle,TVS,Apache,Black,16e75300-34bb-41e4-8441-820a8a6dbaba,3db20bf7-9a12-4ec3-a10b-d0b44db05cb1,
b7c00034-aaa4-47d9-9a49-046ad9a5f18f,UP12KD7128,motorcycle,Bajaj,Pulsar,White,ea675771-73dc-451e-9807-2c15df7a67e7,3db20bf7-9a12-4ec3-a10b-d0b44db05cb1,
ac5cc0a9-c264-4e7a-b975-b216c5078073,UP31BP3307,truck,Eicher,Pro 2049,Blue,22ab3170-a8ff-458b-9643-7da72b4583ac,3db20bf7-9a12-4ec3-a10b-d0b44db05cb1,
7fb55739-67e3-439b-87b4-aab248c1c58e,UP21XX8364,motorcycle,Royal Enfield,Classic 350,Red,d11fb4fe-9535-477c-9e64-bd42f780aee7,731dea87-33eb-4d96-b9a2-badc96e00b51,
b6f55a2e-7bfc-4de2-93b8-ff0aef6420f6,UP03ZR7779,motorcycle,Hero,Splendor,Silver,94516e6d-f485-41a5-894e-e76411f5cfd2,731dea87-33eb-4d96-b9a2-badc96e00b51,
63dea470-5bbb-48d9-9c84-f404dd45cc27,UP16LX5827,motorcycle,Hero,Splendor,Blue,365d98c7-5be7-435e-bbae-6e9408ec99fc,731dea87-33eb-4d96-b9a2-badc96e00b51,
b646d815-220c-41ab-911a-106b7fb078cc,KA11MS1330,motorcycle,Royal Enfield,Classic 350,Grey,bc53cc23-3113-4b36-91a0-845bb33e8f55,fefa7954-f048-4a1b-abb2-bc926dfdd123,
5d4bee49-fe5e-4cc1-94fb-cc704ca14fcf,KA12VF9585,car,Kia,Seltos,Silver,387dd86b-e4bf-4078-8e6c-58b01a334de2,fefa7954-f048-4a1b-abb2-bc926dfdd123,
8c8e12b0-aabe-41c5-891e-c65603ac7349,KA37KT5104,van,Mahindra,Bolero Camper,Maroon,a5ae5e74-58f0-41c4-a661-a7d6740a7ed4,fefa7954-f048-4a1b-abb2-bc926dfdd123,
c2208b2d-e42c-41c3-bc9a-83705bc55194,KA32EB1978,motorcycle,Bajaj,Pulsar,Grey,42264fbd-e6e7-47a8-9897-1ac8b15c07f2,fa611201-3cf8-479a-86a9-0a3dd9f725ff,
77cee054-c7a8-4fa1-829d-0049daf83565,KA13YV5640,car,Kia,Seltos,Blue,4e7651fa-c02e-4975-bb70-adc930205277,fa611201-3cf8-479a-86a9-0a3dd9f725ff,
cd239c2a-c7aa-4747-b2ac-30a9cf4a4795,AP46WZ4664,motorcycle,Bajaj,Pulsar,Silver,9e91566e-547b-4a3e-bf4f-93b2009cf7a7,bd0cc5b9-a10c-4248-ab8d-36760d53b6a0,
e93420a3-02a8-4360-8f55-cd712e13b7ad,AP36EW1583,truck,Ashok Leyland,Dost,White,ac1873db-e2c2-4464-8a87-8fe558f2f8af,bd0cc5b9-a10c-4248-ab8d-36760d53b6a0,
e5d8e2df-7d98-45c0-a27f-60b36429d284,AP48JM5226,car,Honda,City,White,6a1283af-84b5-4565-a0e7-97130cd549b6,bd0cc5b9-a10c-4248-ab8d-36760d53b6a0,
d95b9618-38c5-42a7-84c2-a5572411a864,UP08VS9199,car,Kia,Seltos,Grey,529f1844-c431-4bc7-a8c3-5b0a51686cf6,d11dad4d-c5b0-4f41-9bcd-c07fed06695f,
7f18f8a5-b2a2-4204-8f85-1f3f4a6b22ca,WB07AG1749,motorcycle,TVS,Apache,Silver,b18f2195-fcf3-41ca-8018-a6fdb26f816e,f77c2362-fa09-4024-9ad2-7cf845b2b17e,
7f9b0d8a-fe7d-4c0c-b5b2-252510592152,WB53TX5838,motorcycle,Honda,Activa,Grey,fa00070c-1deb-4b17-9387-7bd434ff75af,f77c2362-fa09-4024-9ad2-7cf845b2b17e,6641b356-0f73-4184-9190-a96424cd43c5
13edbe8e-ed92-4ca6-98eb-d4cdd6514865,KL46MX0514,motorcycle,Royal Enfield,Classic 350,Black,525dc8ea-7f8b-4a01-bae5-dae70b6a2251,224509af-d2a1-4d77-88c6-cfedcfd3682c,
5bf7d686-65a6-4119-a364-536cf6ff6de7,MH11QC4628,truck,Tata Motors,LPT 1109,Blue,9bfb83ac-4338-41a1-b26f-687bdfee0cf9,e470d50c-9ba3-4608-9d67-59d10e5ce261,
07433c9b-59a5-4c4e-839c-23c41dff0898,MH26LV8315,car,Mahindra,Bolero,Blue,b1b779b4-5091-4564-805b-d31ec6cfe9f5,e470d50c-9ba3-4608-9d67-59d10e5ce261,
3bd58570-4431-46a3-a25e-cfc0c3cd0666,OD08SF1521,auto-rickshaw,Bajaj,RE Compact,White,a03b73ff-9a95-4bea-a36a-497f37f39d37,5f726314-bdf5-4a93-9587-b5924093f42c,
c20f893e-b773-4f25-91f1-33ab1221f977,OD17UQ0601,motorcycle,Hero,Splendor,Maroon,206e62b7-2142-494b-81be-c598b86ae658,5f726314-bdf5-4a93-9587-b5924093f42c,
93be017a-1003-43f7-80e0-42a1f76e97a6,WB39AL3278,motorcycle,Honda,Activa,Silver,d24a0454-0ea7-4723-a04e-8a885e6806fd,b32c5e6f-8770-4d7f-b94e-fd0dadf72904,
f7f6e67f-fb87-4517-a073-76ae969fc983,WB40VK4371,motorcycle,Hero,Splendor,White,cf865f6e-eb7f-4aa2-8d15-965cca44e970,b32c5e6f-8770-4d7f-b94e-fd0dadf72904,
36bf4f6c-62b9-4dae-850a-57f5e91ec70d,WB58LX0975,van,Maruti Suzuki,Eeco,Maroon,80da745f-cc99-4767-9335-74f9ecd36697,b32c5e6f-8770-4d7f-b94e-fd0dadf72904,
bce98a52-2ff8-4fca-8266-da8b18fdcc1c,WB57LG0051,motorcycle,TVS,Apache,Silver,32b159f3-f478-46d6-aa6a-03021686627b,b32c5e6f-8770-4d7f-b94e-fd0dadf72904,
553a6b07-92ed-4645-9f8a-7d558eb91bd2,WB51ND5466,car,Hyundai,i20,Black,3e42409b-e1ab-442a-9ffd-c75a3f7ddc96,b32c5e6f-8770-4d7f-b94e-fd0dadf72904,
3dc122a2-f6cd-4877-888e-7dce6910f88a,HP32KG8271,motorcycle,TVS,Apache,Red,a793e939-08ab-48db-80ae-c1ce525cdf6d,5878b6b5-ddea-43ed-a422-a5c6b6357b07,
542fb001-ed33-472c-a848-18aefc2ee133,AP48JT1733,car,Hyundai,Creta,Grey,1f65d744-3aba-46f0-a383-91348dbc4a37,f34ee675-7a0e-436f-b6ca-61f475bbb7b6,
f8105e94-caa2-4d7a-800c-7c2c4b6ecea5,AP43ZT4164,motorcycle,Royal Enfield,Classic 350,Black,b694101c-eb3f-4ad1-b5b3-7ffe83696247,f34ee675-7a0e-436f-b6ca-61f475bbb7b6,
17debcc4-f456-4d1f-b368-375f2017e9ef,AP31DW1871,motorcycle,TVS,Apache,Blue,37772833-f9b3-473f-afdb-dcde86603a27,f34ee675-7a0e-436f-b6ca-61f475bbb7b6,
e837ac16-e3e7-40c9-be0f-a05ce0cf4b3f,AP43KP9766,motorcycle,Honda,Activa,Blue,37772833-f9b3-473f-afdb-dcde86603a27,f34ee675-7a0e-436f-b6ca-61f475bbb7b6,
c0803666-5ee6-4567-b11f-8b6f3d01df7e,AP46AF4968,motorcycle,Bajaj,Pulsar,Red,0538e12f-c097-48aa-a915-cbce58c24001,f34ee675-7a0e-436f-b6ca-61f475bbb7b6,
b3210319-b75f-488d-9207-2a008382f0d5,AP27NN0639,motorcycle,Bajaj,Pulsar,Black,feca4f5c-c32a-4157-8300-3e7af6681044,f34ee675-7a0e-436f-b6ca-61f475bbb7b6,
bc68dce6-849e-48ba-86b1-4c26f6a63b8f,OD28BV5729,car,Honda,City,Silver,81d6d00c-25cb-41fe-95f5-b9b2e0a2945f,3657e03b-3d50-4b79-9079-c8ce5b4fcd39,
373c7c6e-97e2-49f6-9086-9ccee13535f4,OD57LW8950,auto-rickshaw,Bajaj,RE Compact,Silver,81d6d00c-25cb-41fe-95f5-b9b2e0a2945f,3657e03b-3d50-4b79-9079-c8ce5b4fcd39,
32997900-1a5f-4adc-b5d9-ac882af941fb,OD40WM9252,auto-rickshaw,Bajaj,RE Compact,Maroon,9e5d6672-3c18-41cc-85eb-a6f80e562b31,3657e03b-3d50-4b79-9079-c8ce5b4fcd39,
976cd682-6cba-4c17-a64c-cb7e20ad42ae,OD58FR0202,motorcycle,TVS,Apache,Blue,1129e843-7fc0-4872-8a26-186679b4dc1b,3657e03b-3d50-4b79-9079-c8ce5b4fcd39,
5ee09c64-bc5a-44b1-ad6c-f9c67d93cee9,OD12PW2272,car,Mahindra,Bolero,Grey,184369ba-14c4-4842-97e7-e68969aedc29,3657e03b-3d50-4b79-9079-c8ce5b4fcd39,
67f358e5-7899-4088-b8f5-d64d467e68e5,OD03CR5924,motorcycle,Royal Enfield,Classic 350,Blue,184369ba-14c4-4842-97e7-e68969aedc29,3657e03b-3d50-4b79-9079-c8ce5b4fcd39,
f329b283-5525-4787-92e4-8a0d368cfd1b,AP47MV7432,auto-rickshaw,Bajaj,RE Compact,Black,6f0fd9d3-8825-4c20-bc6a-0c8ec811ea91,385fa6c3-4652-4cd3-9e88-aa4c1c315acd,
c5fb96b2-9cb6-43cc-99a3-9438039c520a,AP42YZ7701,motorcycle,Hero,Splendor,Blue,aab5c2e2-b556-4c00-9b8c-f2c20a703c96,385fa6c3-4652-4cd3-9e88-aa4c1c315acd,
9a030f67-62e6-4293-a31a-e8674e359c2f,AP57ZP4946,motorcycle,Honda,Activa,Red,0b8dd6d3-22bb-47a0-808c-b63a0a1aa0ae,385fa6c3-4652-4cd3-9e88-aa4c1c315acd,
82cb0bde-7f5a-4957-ad6e-da0146971ecc,AP53EB3236,truck,Eicher,Pro 2049,Black,63c218e5-a8d7-4156-916b-0ac94511fe49,385fa6c3-4652-4cd3-9e88-aa4c1c315acd,
bad4ea02-20c4-4965-acad-8e24d51cb783,AP22TV4059,car,Honda,City,Blue,fe20282c-04fe-43f8-9caf-228fa637943a,385fa6c3-4652-4cd3-9e88-aa4c1c315acd,
62099bbd-695f-4055-b02b-274a5dce3768,AS26TG2156,van,Mahindra,Bolero Camper,White,0b49380e-ef82-4cac-a02c-86c38e38c513,44a689bd-ea9d-49fe-917d-79a7404e631f,
73173677-54fc-4d8b-a511-98f25a0c4c55,AS50TL4898,auto-rickshaw,Bajaj,RE Compact,Grey,5dedbd6a-af3a-4512-a09b-cff557027e89,44a689bd-ea9d-49fe-917d-79a7404e631f,
e4a29a17-7471-46b2-8834-96326ce30bb9,AS26FN8479,auto-rickshaw,Bajaj,RE Compact,Blue,5dedbd6a-af3a-4512-a09b-cff557027e89,44a689bd-ea9d-49fe-917d-79a7404e631f,
ce56a777-f9ee-4274-8d20-1664b30d7016,AS19KM8296,car,Tata Motors,Nexon,White,fe23bf1a-8c7f-4ce5-bf1d-7b53804dd17d,44a689bd-ea9d-49fe-917d-79a7404e631f,
d89885fc-d7c7-424c-aa9b-a9fc3f03fa69,AS34JT9170,motorcycle,Royal Enfield,Classic 350,Maroon,02131cae-05b6-48f4-91ac-13a2087cf17b,44a689bd-ea9d-49fe-917d-79a7404e631f,
f4b6959c-eeaf-4c34-aaf2-effd45e9055f,AS35UN4033,motorcycle,Royal Enfield,Classic 350,Maroon,bc84909a-49d0-4807-a336-6267a3bfcd8e,44a689bd-ea9d-49fe-917d-79a7404e631f,
fe8c93e5-eeda-4dee-b4bb-a58919bac239,WB07FZ6519,motorcycle,Royal Enfield,Classic 350,Silver,20181e3c-45af-4430-8cf1-491c0abeb0d0,cf211dcd-89bd-42b4-9672-5311955f96e7,
97fc001d-fae8-4ca5-ad29-572f9b06d1be,WB58CS0877,motorcycle,Honda,Activa,Blue,ab128c37-62b3-4a8d-8c3b-029145f00505,cf211dcd-89bd-42b4-9672-5311955f96e7,
6a5a62e5-2573-464b-8c4e-e852fb732005,KA44HM1286,motorcycle,Hero,Splendor,Red,0a9885f7-d5d7-41b3-9203-7fdad11eac77,c979adee-c596-4e7a-ab3a-5fed248c8265,
8277ae76-e586-4fda-8bb2-ff722f60150b,KA33EE4664,motorcycle,Hero,Splendor,Red,735b7692-768a-477f-9084-61285d2d750f,c979adee-c596-4e7a-ab3a-5fed248c8265,
93b945b3-9cda-47ea-abc5-f3556d38bfc5,MP56RA5268,car,Maruti Suzuki,WagonR,Black,c27e7bcf-6fa8-4742-b4fc-43211110a189,0c59af77-a212-46d4-b2dc-84da2b403d3c,
932c753e-0344-4ae5-b82b-f191521e10a4,MP18SR0414,van,Tata Motors,Winger,White,0490d0b6-06a4-4b35-8eef-b0980c4826b5,0c59af77-a212-46d4-b2dc-84da2b403d3c,
0428d374-9ae3-4179-ab70-03b699096792,MP09LK0263,car,Toyota,Innova,White,468c8851-3dba-499f-9a9f-879fcbd097f3,0c59af77-a212-46d4-b2dc-84da2b403d3c,
8fa44cd5-8e97-4d06-b8f0-868ed455ed0f,OD51VU1032,truck,Mahindra,Bolero Pickup,Grey,6a1dcf18-6c4f-44c3-a14b-752c80221fe0,433d1091-50e0-46d0-b34d-21ea36046dae,fecebe3d-821d-4461-8f73-50f40303c96c
757fe8b8-5158-4d8c-bdf8-20fc1613634c,OD55XR1365,car,Maruti Suzuki,WagonR,White,6a1dcf18-6c4f-44c3-a14b-752c80221fe0,433d1091-50e0-46d0-b34d-21ea36046dae,
f8b5e534-1cee-449d-bf24-992db5ae067a,UP41FU8595,motorcycle,TVS,Apache,Red,05561b10-d7a9-48d8-92d5-ae14c0ecf618,9dda0b2e-ff57-4c9e-ac43-43e122f085c1,
b3e8cb5b-f187-4f40-ab39-5af63cb12ddc,GJ16BJ1570,motorcycle,Hero,Splendor,Blue,780380a3-fe83-4fb6-980c-cab0208c14fb,88f5cf00-b2bf-4ddd-9579-e495c6cecc0c,a53fff68-2c1f-4540-a9b7-9187343dc876
ebb42435-dd7d-4145-a73d-f101b1931b12,GJ34AF5643,car,Toyota,Innova,Blue,877e4601-9661-482e-a4b7-9164a85e4d3d,88f5cf00-b2bf-4ddd-9579-e495c6cecc0c,
86dbcdc2-5595-4a34-adf7-4df914925da7,GJ06VV0963,car,Honda,City,Black,43d6d5e5-4069-49b1-adf2-92508b4c5713,88f5cf00-b2bf-4ddd-9579-e495c6cecc0c,
4b0af108-c26f-4d91-b2ce-4bba5d490e86,GJ36YP6777,car,Honda,City,Maroon,dfed3cd5-d037-4835-bf2e-36f5e37ef72a,88f5cf00-b2bf-4ddd-9579-e495c6cecc0c,
cecb98f6-4d9d-487a-8254-701b226ccd57,GJ22GM7454,van,Tata Motors,Winger,Grey,fe931aa5-1a5c-4359-ae2b-b2d6f4914767,88f5cf00-b2bf-4ddd-9579-e495c6cecc0c,
aa68d62f-e3bb-4784-a0a4-a87db76e195d,GJ52MX2855,motorcycle,TVS,Apache,Black,3d4dd561-8d8a-4ded-a61e-137e9412470e,88f5cf00-b2bf-4ddd-9579-e495c6cecc0c,
48b6828d-439d-444f-b00a-49c87b819d25,AP45DA5092,auto-rickshaw,Bajaj,RE Compact,White,1bbda7bf-3c51-4ec5-82a1-13f67ec57469,d6f40bfd-4360-4e5a-b544-68d5bf70b311,
349b473f-56c6-4a73-ac6c-61537e965fcd,AP01BF4201,motorcycle,Hero,Splendor,Maroon,900a275e-78e3-4da0-92b6-405e6baf54d4,d6f40bfd-4360-4e5a-b544-68d5bf70b311,
9d85c7bd-7e74-48b7-966b-f37fb249ab03,AP32AZ1403,motorcycle,Royal Enfield,Classic 350,Maroon,56c6e716-d5cf-457c-838f-8597efcf6574,d6f40bfd-4360-4e5a-b544-68d5bf70b311,
cf8da65d-6057-425c-b72f-0a5f9c673c51,TS48AA2746,motorcycle,Honda,Activa,Silver,1137e07f-71ca-42ab-b209-d56326ad6892,a67d384b-edfc-4caa-8a46-8b72e3208724,
403bcccd-1036-437b-a244-054e1695897e,KA09DV8762,motorcycle,Royal Enfield,Classic 350,Black,47cd2876-45e7-4a27-a41b-9058186bf9e6,30a28f6c-c417-4a0d-bbab-ea3cbe4771ab,
3c736de8-4a63-4163-8fb8-8de2c45dd6c8,KA06PH8367,car,Tata Motors,Nexon,Grey,49711e74-7614-4ca4-9934-31759b0e790a,30a28f6c-c417-4a0d-bbab-ea3cbe4771ab,
d4bf6ec1-c59a-480e-920e-1b38921941f5,KA52DT6173,motorcycle,Honda,Activa,Blue,49807938-41b4-409c-a30f-97dee538b9c0,30a28f6c-c417-4a0d-bbab-ea3cbe4771ab,
0759af56-567e-4762-a6ca-e21601241ff5,KA40XA8497,motorcycle,Bajaj,Pulsar,Blue,0139f6c3-ea26-4a2f-a382-088470d13e1a,30a28f6c-c417-4a0d-bbab-ea3cbe4771ab,
bc79f720-8329-4daf-865e-7c5f4de73867,UK25ZS1530,car,Mahindra,Bolero,Grey,38bc1d79-71df-47db-82fe-43dd4ee1c367,32a1289c-5423-492e-99ff-35bf1bfde5d8,
be49eaa0-b36c-4406-8931-b08e6aae195e,UK49UL2786,auto-rickshaw,Bajaj,RE Compact,Grey,b405272f-893d-4df1-8b26-7eb055351000,32a1289c-5423-492e-99ff-35bf1bfde5d8,
14d16260-06be-49f6-b397-6b2ffeb68690,UK32VV8534,motorcycle,Honda,Activa,Blue,21edad88-9510-4e28-b048-b85a9fa20cee,32a1289c-5423-492e-99ff-35bf1bfde5d8,
29505327-e4c2-45a4-b4fc-c51a2152a9d6,KL03RY9782,van,Mahindra,Bolero Camper,Red,c698a253-26b5-469f-b190-c1ac7b72764a,d6543cb1-8eae-431f-aa0f-426dc3d2d8aa,
1bcab7c7-f37c-4c04-9f0b-1f144f5583c0,KL44WP1751,motorcycle,Hero,Splendor,Maroon,1868b78f-e043-471f-a667-0d0ed4849e30,d6543cb1-8eae-431f-aa0f-426dc3d2d8aa,
09996cdf-3675-4543-a5aa-84f6198a0ce0,KL12KW8515,motorcycle,TVS,Apache,Black,cfda4258-bc47-4c3a-86ab-f83d8cf5d706,d6543cb1-8eae-431f-aa0f-426dc3d2d8aa,
cddc2916-944e-4ff6-8bde-e319b4bbe577,KL60RY7246,motorcycle,TVS,Apache,Red,7ed3b0c0-5f7f-4da6-a8fb-e0a4925b051d,d6543cb1-8eae-431f-aa0f-426dc3d2d8aa,
8ca365f2-3204-43b2-b4ea-66435640cad8,KL49BX6795,car,Maruti Suzuki,WagonR,Blue,f4061799-830f-4ecf-a262-8c8fb411409d,d6543cb1-8eae-431f-aa0f-426dc3d2d8aa,
b25304a7-0237-4e78-b8d7-172feb8002c0,KL42NJ6000,motorcycle,TVS,Apache,Silver,01ab5fce-8a23-44a9-97a4-7a2ec28875b0,db717a45-5491-48ac-ab83-6c494e47532c,
4749cdda-c143-45c1-92ac-c3ed19c04638,KL59LQ7337,car,Hyundai,Creta,Silver,b0fb70c1-4e38-4b7e-b853-2fa141291205,db717a45-5491-48ac-ab83-6c494e47532c,
a622242f-1585-41ff-b055-8ca1a08087e9,KL60XK7060,car,Mahindra,Bolero,Blue,24cdb6fd-17fb-45ff-96cf-6fe82528534b,db717a45-5491-48ac-ab83-6c494e47532c,
6159dc6a-6776-499b-81f2-3de769493a26,KL19LD5052,car,Toyota,Innova,Maroon,818f6e31-6438-457c-aacd-d9b1673a1c33,db717a45-5491-48ac-ab83-6c494e47532c,
d8cfab06-47a4-4f4c-bacd-673ccaa50487,MH49KR6198,motorcycle,TVS,Apache,Silver,925087dd-0aef-42ee-ab86-76f6b5571160,4d351ee6-91ed-4061-aa7d-dcda91023f2a,
32191d46-795a-4dce-a0bb-86fef3283b07,MH53TS4279,car,Kia,Seltos,Silver,8550c4b9-49f5-4c2d-a73d-cce2517f8fbd,4d351ee6-91ed-4061-aa7d-dcda91023f2a,
14a529b3-636f-4766-81e8-1a6cdcd72a19,MH19FN4230,motorcycle,Honda,Activa,Maroon,5d7a49cc-e00c-423c-8632-17d333e61075,4d351ee6-91ed-4061-aa7d-dcda91023f2a,
f95ba93b-dd2c-4540-a7c8-22773e93a3c0,MH56UD6291,motorcycle,TVS,Apache,Maroon,ea50060f-e198-4a05-a709-d029bb377831,4d351ee6-91ed-4061-aa7d-dcda91023f2a,
c4caa89a-3643-42ca-9813-12c23b8cdfde,MH60SK5504,auto-rickshaw,Bajaj,RE Compact,Maroon,ea50060f-e198-4a05-a709-d029bb377831,4d351ee6-91ed-4061-aa7d-dcda91023f2a,
dec9b512-dc3b-4c84-8895-9acbea0c9712,AP38CA6065,motorcycle,Royal Enfield,Classic 350,White,b3e2dabb-54e4-4cdb-9c2a-0c35250aa2b5,256aab43-0c6d-401c-b922-b756b4f3c7f1,97c19247-87ac-486f-ac15-862d7a702684
ea1beccf-e8d8-4184-900b-d4c0eca7b0f9,AP47EV3730,car,Tata Motors,Nexon,Black,7082cec9-293d-4983-87dc-bd34e543485c,256aab43-0c6d-401c-b922-b756b4f3c7f1,
eee76a84-f3ed-41bc-84c5-00d7125ae555,AP08ZE4770,auto-rickshaw,Bajaj,RE Compact,Silver,61bb3299-d676-4a30-b116-2dff61424c18,256aab43-0c6d-401c-b922-b756b4f3c7f1,fecebe3d-821d-4461-8f73-50f40303c96c
d00afaae-fd8c-4c22-b59c-d9ed97e69711,AP26TB7595,motorcycle,Bajaj,Pulsar,Black,13e6c2ab-5fd2-41ba-acc5-6113b9b3c0b8,256aab43-0c6d-401c-b922-b756b4f3c7f1,
d0cc96eb-b463-4b5a-b045-327557f340b6,AP15JV1604,motorcycle,Honda,Activa,White,1d81b4ed-c0fc-463d-ac33-b790781668cd,256aab43-0c6d-401c-b922-b756b4f3c7f1,
4a91710e-e365-402b-bdcb-ae4ef3a7fee0,AP47XE1942,van,Maruti Suzuki,Eeco,Black,1d81b4ed-c0fc-463d-ac33-b790781668cd,256aab43-0c6d-401c-b922-b756b4f3c7f1,3c7a665a-29ef-4c51-937c-9238747d8c3f
3302dbc1-2078-42ed-b6a3-246af6d0b1d3,UP59LD9404,car,Mahindra,Bolero,Red,79918039-a111-4ec8-ba6f-8afd77e6e1b4,4a112051-0cf1-43ef-beec-1a7e9a17cc89,
54d3dce7-78b7-4199-b805-dad88242a801,UP51QX0598,auto-rickshaw,Bajaj,RE Compact,Blue,6d430053-72a4-4dec-afd7-5fb11617c796,4a112051-0cf1-43ef-beec-1a7e9a17cc89,
5f71b751-afc1-458e-84c9-29fe00c27333,KL25NZ2612,car,Tata Motors,Nexon,Red,e790daca-4fdf-4fe2-8a2d-69f15274c7b4,716fe4d7-9c39-405b-82f3-a7646ee323f6,
9fc0b93c-a4d8-480d-ba7e-5631c8d14623,KL46VW3678,car,Kia,Seltos,Maroon,c9fa96c9-d104-434d-98fd-5b31768aee4b,716fe4d7-9c39-405b-82f3-a7646ee323f6,
513b660b-99b8-48c3-90c5-f4719ec25c46,KL55AW5798,motorcycle,Bajaj,Pulsar,Red,6b9373c9-b1fb-429a-ae3b-9bfbdb8989a9,716fe4d7-9c39-405b-82f3-a7646ee323f6,
248069a8-2a47-4e93-a8f1-8135dbd27748,KL01RS1673,motorcycle,Hero,Splendor,White,43d7c3eb-4572-4804-9122-1309bdfe0958,716fe4d7-9c39-405b-82f3-a7646ee323f6,
5cd552c3-ac9b-46fd-850e-fb614b4546db,UK31CN2076,motorcycle,Bajaj,Pulsar,Black,1fb07f3b-fccd-4edf-81e9-49e79dba6cf5,a1ac6dda-cf2b-4f37-b3bf-4697fe4e7bff,
001a4b21-517c-4736-84f4-5c0a3707a41e,UK29GX9703,van,Mahindra,Bolero Camper,Red,36d82d1c-4709-432a-b4e9-836febf9b4f6,a1ac6dda-cf2b-4f37-b3bf-4697fe4e7bff,
9ce64fab-6ddf-47a0-8aa1-59c6eaec0d74,MN36DK6165,motorcycle,Royal Enfield,Classic 350,Black,10dcf325-ae8c-493c-b9fd-8c8bf9f919e2,c49dcf9b-a287-4147-9eb8-e168df91c147,
faa927e2-b470-462b-9839-188b67d61286,MN40KR5793,motorcycle,Hero,Splendor,Blue,a95727d1-f69f-4a69-b79a-ab2d1a0b3b62,c49dcf9b-a287-4147-9eb8-e168df91c147,
c4f8a375-6b95-407d-aa0c-eb4aca13fe21,MH57KJ6221,motorcycle,TVS,Apache,Maroon,7fb4a98d-a109-42d4-9b57-dbd65a0fc22d,3a90b419-d49b-432d-b67f-8fef620d5ecd,
d8fc42a2-b316-4309-9c77-274562c6725a,MH17KF7427,motorcycle,Hero,Splendor,Red,cd9206f8-f434-4678-89e0-e46d105709b8,3a90b419-d49b-432d-b67f-8fef620d5ecd,
c0b2e936-feed-42af-8913-9e514625b418,MH02KR0266,car,Mahindra,Bolero,White,debded6d-56fd-432d-8a01-c7c6ebb6f138,3a90b419-d49b-432d-b67f-8fef620d5ecd,
2be4e53d-648b-4a96-9b62-f3683e92ef7d,WB41GH3339,motorcycle,Bajaj,Pulsar,Blue,d1c907c9-fb52-4580-839c-d2a01396ca59,fe52c460-73d2-4cee-9b9b-df1298a64904,
bdbdd9f6-0e2e-4d20-a02d-2958fe9637bd,WB58BK4093,motorcycle,Royal Enfield,Classic 350,Red,aaa7cbd2-9052-4d14-883d-36f3725edd12,fe52c460-73d2-4cee-9b9b-df1298a64904,
27944abf-c17d-412a-bea7-f25b04b47d2e,WB16YR3202,motorcycle,Bajaj,Pulsar,Red,2bb1e476-dc2e-4d44-8fc3-0d9281e7e8d9,fe52c460-73d2-4cee-9b9b-df1298a64904,
f4c559d9-a33c-4de6-af82-822fdd9d7fb1,WB03AL2865,car,Maruti Suzuki,Swift,Maroon,3774b46b-1d20-48e2-a3b0-681118382340,fe52c460-73d2-4cee-9b9b-df1298a64904,
f29ef1fc-92a0-4101-85c3-f0cca44c88dc,WB20FH0142,motorcycle,TVS,Apache,Red,d5240b93-2763-4776-8ea0-a46c20cb55cb,fe52c460-73d2-4cee-9b9b-df1298a64904,
f29b341a-3e1d-4372-8a0a-e43ba30f43ff,WB13FE7710,motorcycle,Hero,Splendor,Silver,d5240b93-2763-4776-8ea0-a46c20cb55cb,fe52c460-73d2-4cee-9b9b-df1298a64904,
63c5e03e-2c2b-4ba7-a317-28b7718a3cb4,UP34WL1481,motorcycle,Honda,Activa,Black,9741982e-8ae7-4bc1-a9be-edd46ea29cd4,75380c1f-4115-442a-9723-069166b18ee0,
d90cdcf4-2384-4294-b081-dba85714aba2,UP25RM9162,motorcycle,Royal Enfield,Classic 350,Maroon,eea666fb-5087-4272-ad58-2be04273e478,75380c1f-4115-442a-9723-069166b18ee0,
58bcd3d1-fcfb-45f9-b230-5a09e383236a,UP58CL3403,car,Kia,Seltos,Black,71ca9b1d-db04-4eaf-8500-9080bd12ad54,75380c1f-4115-442a-9723-069166b18ee0,
84569391-6110-4d5f-b872-f8ef8a480826,UP21GC9772,motorcycle,Bajaj,Pulsar,Blue,71ca9b1d-db04-4eaf-8500-9080bd12ad54,75380c1f-4115-442a-9723-069166b18ee0,
3455074e-c8e4-4977-94f6-eb2a4b1c72c6,WB22TC1598,motorcycle,Hero,Splendor,White,11e28d1e-dbbf-4e4b-9b26-d2a554c297d4,aa506d6f-30b4-4fe7-bca6-7f2c04b28c17,
7e3d72a2-8a2f-46af-9f2c-300411d5e5ab,WB34BD7619,motorcycle,TVS,Apache,White,33784a07-27e3-4c57-ad99-8faa9bd82524,aa506d6f-30b4-4fe7-bca6-7f2c04b28c17,
d894357f-0b36-4118-a834-f5d5f560991c,TN30GY1240,auto-rickshaw,Bajaj,RE Compact,Silver,9f318cbd-4f5a-4c2a-910f-f13988bd05c2,00a42346-d879-4b27-992c-2d6a762e66dd,
00e7eeda-1468-47f3-acd1-ec0f5649e51e,TN32PZ7948,car,Honda,City,Red,4f32a90d-b8f6-4eab-afcb-c297541f4b4d,00a42346-d879-4b27-992c-2d6a762e66dd,
efe6b329-ba48-47f8-a332-52e3b21e845f,TN37TG1143,car,Mahindra,Bolero,Black,a4df7d87-34bc-47a4-b7ee-ea24387b8f86,00a42346-d879-4b27-992c-2d6a762e66dd,
adcb07be-9b82-47e6-9cad-bbfd675d8043,TN32JT8034,motorcycle,Honda,Activa,Blue,a4df7d87-34bc-47a4-b7ee-ea24387b8f86,00a42346-d879-4b27-992c-2d6a762e66dd,2090861b-d686-40ef-bb36-c556e162d4dc
dafb39f2-4eb9-4f17-9c75-5575720d1db6,TN54PS2009,van,Maruti Suzuki,Eeco,White,7ac77217-ccc7-4bf3-9fe3-29adfcaef911,00a42346-d879-4b27-992c-2d6a762e66dd,
fa5b3d15-3c82-4d77-8870-8da5530ca0d6,TN21JB4771,van,Mahindra,Bolero Camper,Red,dea7aff2-2903-4051-879d-6aff74a4450b,00a42346-d879-4b27-992c-2d6a762e66dd,
32e7d729-9a5d-484c-b6ea-a5b80bc44756,UP54SZ5768,motorcycle,Hero,Splendor,Red,0d32c1fc-9e18-4cba-9143-602dc60bacec,e3ab6e89-229d-4cd6-9439-4bf6ef14629c,
6d57bb4c-7d73-4521-bc9b-b78c9d6627fa,UP14VM6100,motorcycle,TVS,Apache,Maroon,9b0bf260-d207-4388-b0e4-09b7d8afbc22,e3ab6e89-229d-4cd6-9439-4bf6ef14629c,
241f9e00-2108-4de4-83ae-5bc9740384c0,UP20YK9768,motorcycle,Bajaj,Pulsar,Blue,abc1eaa7-7c98-4b48-9e64-3b8bad8ac949,e3ab6e89-229d-4cd6-9439-4bf6ef14629c,
a57401d0-b438-44e4-9228-89882cb0b742,UP49DE8223,car,Kia,Seltos,Grey,425019a5-fb8a-4d51-85c7-18e30f34092f,e3ab6e89-229d-4cd6-9439-4bf6ef14629c,
0517286c-ae81-41b9-ac6b-287e9ad0eacd,TN39VY4712,auto-rickshaw,Bajaj,RE Compact,Black,94188fcb-b502-4aee-8cc5-2bc99075b9d6,fc95a8f1-8226-4323-8a5a-6d16cd95de50,
49b247b5-b05f-458b-b95b-fc7d2c1eb2ef,TN05WW4268,motorcycle,Royal Enfield,Classic 350,Maroon,3054a13e-230e-4bca-9767-5d49cc8efd92,fc95a8f1-8226-4323-8a5a-6d16cd95de50,
3be284bb-8680-46c9-a4a2-9ab5c4bc8a55,TN34ZJ0085,motorcycle,Royal Enfield,Classic 350,Red,4d77e74b-737e-47f3-8665-1c9e9e9dd5e3,fc95a8f1-8226-4323-8a5a-6d16cd95de50,
dcadf885-086b-41ec-99c3-c92f207be286,TN58YV5564,car,Hyundai,i20,Red,35167326-b12b-4e96-975c-62801885a181,d6f6e5ed-9856-419b-98e8-2b989301f87a,
3d2ab590-0575-4665-96fb-f1b8b2b0e0c7,TN51AG2264,motorcycle,Honda,Activa,White,f1c254f8-6d94-4a8b-ad09-cbf23ec26df1,d6f6e5ed-9856-419b-98e8-2b989301f87a,
f5481df8-f0b0-4ac2-8052-45e79dd47936,TN14NQ0655,car,Kia,Seltos,Silver,09cf52b2-35c8-430d-a161-2fad77014993,d6f6e5ed-9856-419b-98e8-2b989301f87a,
cb4eb96f-670b-4909-8c26-d75a07a62c97,TN19QF2023,motorcycle,Honda,Activa,Silver,2155aaf5-ee51-4357-9110-9dcfd2eb3383,d6f6e5ed-9856-419b-98e8-2b989301f87a,
c0893691-2faa-4abc-89f5-a9dff97017b9,TN40QE8773,motorcycle,Honda,Activa,Maroon,9205a069-02cf-4ea2-b52e-ccdfca8acc6c,d6f6e5ed-9856-419b-98e8-2b989301f87a,
40a4cbab-4b5c-4990-9506-569af03b23fc,AS04TM1960,motorcycle,Honda,Activa,Black,c9af5b97-6a34-4698-9959-3bd8e698d1cf,faceac5d-cef0-4845-be9d-06fa3701e641,
3b3bdc42-eb27-4c58-b528-c825d8a03224,AS28HG1339,motorcycle,Hero,Splendor,Blue,708eaa95-5b85-426f-8863-b3de9c6b425b,faceac5d-cef0-4845-be9d-06fa3701e641,
65124366-0f02-40ee-b27d-8612f45b8357,AS37SG5224,motorcycle,Honda,Activa,Blue,fb3911ba-8769-45a5-ad03-55563c7de121,faceac5d-cef0-4845-be9d-06fa3701e641,
392fd56b-bd68-4dfb-b820-553fc100960c,OD25MU8721,car,Toyota,Innova,Maroon,bcb2ab90-e44e-4c20-947c-ffcd8a0b3997,f5ea23e0-2fe9-4f7e-884b-7ae993d3219e,
b0701f34-4a93-4420-acbe-05e32d9bb529,KA37AM9818,car,Mahindra,Bolero,Red,206f0ab9-49f7-456e-9b19-4e7e0aae328b,cca2418e-5650-42dc-add4-f55d74d47fd4,
312b3a1a-aa9f-46cb-96c0-6388fea66e35,KA26LZ0350,motorcycle,Honda,Activa,Silver,28ba0686-eb45-4409-a401-3486d8b4212a,cca2418e-5650-42dc-add4-f55d74d47fd4,
64c5182e-edc6-46b0-8f74-ab49869f8131,KA23YK5527,motorcycle,Hero,Splendor,Silver,a182ac02-ce97-42b4-b64b-6459916295bb,cca2418e-5650-42dc-add4-f55d74d47fd4,
1b338e76-5ac3-4a69-b291-d080c5a846ca,KA53UK0029,car,Honda,City,White,a182ac02-ce97-42b4-b64b-6459916295bb,cca2418e-5650-42dc-add4-f55d74d47fd4,
2c0d0cea-1025-4073-9795-9f1831741541,KA44NX5267,motorcycle,Royal Enfield,Classic 350,Blue,04d36625-b5aa-4286-a543-bf880a885eb0,cca2418e-5650-42dc-add4-f55d74d47fd4,
e2b194b8-26d1-4e8d-a8ce-d25d1c6c2a98,KA28WU3387,truck,Eicher,Pro 2049,Maroon,04d36625-b5aa-4286-a543-bf880a885eb0,cca2418e-5650-42dc-add4-f55d74d47fd4,
d2f51ec1-8566-42a3-aab3-29457cf9aee8,KA24AY1019,truck,Tata Motors,LPT 1109,Silver,acd25cbb-36f7-421c-b26e-f6d029411c71,cca2418e-5650-42dc-add4-f55d74d47fd4,
ff5c3984-4145-4dbf-9e13-ba0db7f34f45,KA16TC4508,truck,Ashok Leyland,Dost,Silver,acd25cbb-36f7-421c-b26e-f6d029411c71,cca2418e-5650-42dc-add4-f55d74d47fd4,
e21119d5-9898-4119-86a4-fd445e1b83ba,OD50QH9810,car,Maruti Suzuki,Swift,Black,50873f12-f502-48f0-b7b9-1ca825fbb932,d476c65b-b5f7-4b45-92c9-9d055266a324,
3eacdbd8-25d8-4b50-bf65-66f0d32b9d8f,OD09PT3950,motorcycle,TVS,Apache,Grey,0dac34c9-87da-4f5d-84ae-d23c900dd240,d476c65b-b5f7-4b45-92c9-9d055266a324,
6767e510-3a4a-41fd-a187-b2a6289bb7cd,GJ16NS8108,motorcycle,Honda,Activa,Silver,fc229bfb-d5f2-489c-8d2a-a62decd6913c,09265518-c1a8-49d8-9c02-a60d850ef854,
1879988d-fb12-4ade-85fe-f0da36656832,MH60PG5046,car,Maruti Suzuki,Swift,Silver,10c0a1fa-8b7e-420f-84c8-e35f578baec7,6c7dd797-fff1-4ca6-a0ff-aba0dbaa726f,
f7f7493e-e107-4b0d-ae32-dfe56eb985bd,MH46WZ4906,motorcycle,Royal Enfield,Classic 350,Grey,027ac3f5-ce4c-40b1-a498-29e5b9c751f8,6c7dd797-fff1-4ca6-a0ff-aba0dbaa726f,
753d5c15-ec95-42b6-9bfd-d68018dda8d0,MH49RN6547,motorcycle,Bajaj,Pulsar,Black,7f9bb7cb-192c-4ff8-a423-6f75fdc0eab7,6c7dd797-fff1-4ca6-a0ff-aba0dbaa726f,
1a155a43-776b-4a87-8ca8-27adf3dfa2d1,OD50YG3082,car,Maruti Suzuki,WagonR,Blue,8f343577-22f0-439b-a3b7-0e293163e47d,1c6b2c51-aa55-4558-ae96-d1770fade444,
53eaa21c-da9e-4077-ac7d-bbf880b00663,OD39FF3362,car,Hyundai,i20,Silver,81369865-d4b6-4ce3-9529-3524be156216,1c6b2c51-aa55-4558-ae96-d1770fade444,
71a98817-852d-437d-8490-a7f92fa8413c,UP41CD8142,motorcycle,TVS,Apache,Red,c83827a6-de1d-4e19-96c3-d88e7b117ea4,67ddcf81-7426-497f-b284-f589da94258d,
ba0965c5-1742-4816-a5ba-cb47f49953ee,UP46EG8389,van,Maruti Suzuki,Eeco,Silver,b0a9f0f9-e017-4c30-a7df-1b9fa32ae419,67ddcf81-7426-497f-b284-f589da94258d,
982e62f2-7161-47ed-8ed9-816fa802fded,UP27HT8665,motorcycle,TVS,Apache,Maroon,b0a9f0f9-e017-4c30-a7df-1b9fa32ae419,67ddcf81-7426-497f-b284-f589da94258d,
23642747-fbaf-46f9-a43c-35aabf12dc83,RJ27PN3935,auto-rickshaw,Bajaj,RE Compact,Blue,816154e5-590a-48a5-abd3-149e1b81576a,8b290e9f-43ac-4762-b2a2-f30d65d03bed,
0c4713d3-4f89-4c06-b412-c42f3a6f3886,RJ57QK0259,car,Tata Motors,Nexon,Blue,9dc6df1b-a991-4362-a258-e2819f7650e1,8b290e9f-43ac-4762-b2a2-f30d65d03bed,
4e8eb227-41b0-4de5-9d1d-60394c134574,IN08AJ6543,car,Toyota,Innova,Maroon,77aad506-ed85-4020-b1ad-088e8176cfcb,d0184a09-161d-4442-9ae0-17c96fb4622e,
1bbd3ce0-82e9-4f47-8d0a-b34c76ea1e9e,IN21YX5145,motorcycle,Honda,Activa,Maroon,77aad506-ed85-4020-b1ad-088e8176cfcb,d0184a09-161d-4442-9ae0-17c96fb4622e,
949f759b-8e77-4065-8989-51ce69519efc,IN38DT6602,motorcycle,Bajaj,Pulsar,Silver,46ce2273-01b7-442a-8a39-866b9a7b8caf,d0184a09-161d-4442-9ae0-17c96fb4622e,
766e737b-2ab3-4caf-b046-2193fe6d1c7d,IN27KT4629,motorcycle,Hero,Splendor,Grey,4bacb239-386c-43cb-80c3-104d0d8efd44,d0184a09-161d-4442-9ae0-17c96fb4622e,
7d972e87-61e8-4c2a-a560-edd3205453bb,IN54UA5215,motorcycle,Hero,Splendor,Grey,4bacb239-386c-43cb-80c3-104d0d8efd44,d0184a09-161d-4442-9ae0-17c96fb4622e,
23d2d24c-89fa-4887-bc3d-0d9f1fc8b078,MH52TT9346,motorcycle,TVS,Apache,Maroon,6f3e1d73-0748-4698-a90b-4338854b6da6,d9656d90-576d-4a2f-92f6-d46ca668ee37,
fe14d468-a76a-4d22-97ea-3246100e2020,MH47BZ7908,motorcycle,Honda,Activa,Black,07dc70ae-37b8-4702-9e16-b911816d6890,d9656d90-576d-4a2f-92f6-d46ca668ee37,
588b8441-8dc9-452c-ad05-66d7f39922fd,BR29PC7126,auto-rickshaw,Bajaj,RE Compact,Red,e5d7e647-7769-4d63-9e43-10667b8be6c3,6e52fc9a-f78d-4af7-8767-7e8f2a460895,
d0c8dd0f-a308-4e46-b9f3-1076a3396740,BR08DA9992,car,Toyota,Innova,Red,30ab5192-7cd4-480c-82c9-14b92065b21e,6e52fc9a-f78d-4af7-8767-7e8f2a460895,
6cd9a780-62be-4547-bd98-e37b52e937a6,BR06KB5496,motorcycle,Honda,Activa,Maroon,9c6f80f9-911e-4a04-a029-cb0dc2d490ee,6e52fc9a-f78d-4af7-8767-7e8f2a460895,
b6338b78-1172-414a-9071-ec765ae684c1,UP41BN7459,car,Hyundai,i20,Maroon,b161c0fb-0147-4963-a69e-348e783cd87a,62b16554-83b1-4666-9e75-be493be17615,
b180388d-7499-4d5c-a0fb-31b1398e6542,UP08VZ3953,car,Maruti Suzuki,WagonR,Maroon,ceae3760-1f46-428a-9f5a-67494e83ad84,62b16554-83b1-4666-9e75-be493be17615,
57d8b3c7-35e5-4c20-b57f-cdcec53f0b0c,UP56NV5885,motorcycle,TVS,Apache,Red,2215f220-01c0-496d-9826-8c8c9f1b5faf,62b16554-83b1-4666-9e75-be493be17615,
43c69010-0afe-4038-b357-657e601696c1,UP50TD6958,motorcycle,Hero,Splendor,Blue,2215f220-01c0-496d-9826-8c8c9f1b5faf,62b16554-83b1-4666-9e75-be493be17615,
68d0384c-d87f-4537-bc4e-5e3130c51196,UP19HK1699,motorcycle,TVS,Apache,Silver,a92c4c08-4d7f-41bc-b3ba-130b5d776111,62b16554-83b1-4666-9e75-be493be17615,
61fbe0e1-94e4-4ee9-a1bf-bf8d36aebff4,UP50MV1393,motorcycle,Bajaj,Pulsar,Blue,fd989a10-f458-4c0b-b4de-8816b6ffefdc,62b16554-83b1-4666-9e75-be493be17615,65f2e462-20b2-40dc-aa8d-5e7ced3545a6
5453ce26-28ef-46fa-acec-38592d2e5cc6,UP24AJ8580,auto-rickshaw,Bajaj,RE Compact,Blue,67b9c6be-4bc4-4094-894b-f3e402e3dd30,62b16554-83b1-4666-9e75-be493be17615,
2338252f-3d01-4eee-a2cf-19495948ec0b,JH53JM4483,motorcycle,Royal Enfield,Classic 350,Blue,49711703-a162-45ea-8484-e600d2fc60b9,1969e447-bf24-4d61-88f9-2ccf451da1f9,
467d306e-17aa-4170-a24f-b8fd77fd14b5,KA13LU9540,car,Toyota,Innova,Grey,f1963d7c-f4dd-4c7c-bdfc-61f7cc4fc59c,6e8456de-2415-4692-a9b7-33d42569b6d5,
332285b1-94a3-45fd-808f-a3097f5b353f,KA38CY5481,motorcycle,Honda,Activa,Maroon,e3bada65-8b55-4a30-85a2-dc6fe9ee3558,6e8456de-2415-4692-a9b7-33d42569b6d5,
66ab3483-74d6-4c92-a5f5-892d22ab3327,KA03YW9058,motorcycle,Honda,Activa,Blue,9119d264-6ce9-426b-8473-79dae3e5d951,6e8456de-2415-4692-a9b7-33d42569b6d5,
5b7ac3b2-bce6-49b5-90ac-d4e77ea5fbc2,KA58KZ5860,motorcycle,Bajaj,Pulsar,Red,3c33163e-b499-4c82-ad32-d522eebc5a38,6e8456de-2415-4692-a9b7-33d42569b6d5,
856fbcff-8765-43e0-b98e-a0df88998752,KA56WD6954,motorcycle,Bajaj,Pulsar,Red,3ec0987d-1f36-41b6-8469-531a4ad5ba36,fc6ab120-b7e8-4540-a5b8-b11a84a130e7,
db5caecd-c1a0-4203-b532-cbef7d3b30cf,KA16DD2313,motorcycle,Hero,Splendor,Maroon,d4b70242-74e7-4c29-a388-f21115d4ae94,fc6ab120-b7e8-4540-a5b8-b11a84a130e7,
7cb50c14-0ed9-4406-8b09-6a475163d7c8,KA11MM8521,car,Kia,Seltos,Black,f2169a2d-7826-4230-b322-911bda1e8f1e,fc6ab120-b7e8-4540-a5b8-b11a84a130e7,
09f98dc3-bc37-4727-a762-aa56f64c6804,KA15XF4221,motorcycle,TVS,Apache,Grey,e033ed9c-276a-4196-aea3-3ad281701a93,fc6ab120-b7e8-4540-a5b8-b11a84a130e7,
df583275-4783-4515-9ced-caab7a2c0fbe,KA05VH8303,car,Honda,City,Silver,fda48128-2192-4b25-b3ea-16e344d9bf64,fc6ab120-b7e8-4540-a5b8-b11a84a130e7,
54bea056-0930-4ac0-b6de-186edcccb8c0,KA53HF9765,car,Honda,City,Blue,892a42fd-cddc-4e23-9c41-062359b2a611,fc6ab120-b7e8-4540-a5b8-b11a84a130e7,
142662a7-46e8-40f4-8731-2819e0bdfcbe,GJ56AB8922,truck,Mahindra,Bolero Pickup,White,94d607d7-3492-48ab-a373-f24cb1390211,602d9768-51c6-48ac-b514-d39a38aa8cab,
47e9bdeb-0a97-41b9-b751-cc0cb6445852,GJ47QF8422,van,Maruti Suzuki,Eeco,Black,8e380961-9536-4b53-8459-cfda50a2d762,602d9768-51c6-48ac-b514-d39a38aa8cab,
5f6b6791-920d-4f03-899b-516bb594386b,GJ53RT1698,motorcycle,Honda,Activa,White,4bd924a0-4163-4b8e-8fe2-47caadf44a76,602d9768-51c6-48ac-b514-d39a38aa8cab,
74c6525c-f36a-49cd-af93-df640edbde79,WB32CT6142,motorcycle,Hero,Splendor,Grey,d460b2f9-3aa4-40c7-8a4a-77edadccf897,d22f0418-222a-43bb-97e9-b2ceea60e9f1,
7e51006b-677b-4467-86c3-d149e98c8523,WB51GK2756,motorcycle,Honda,Activa,Maroon,dcb380f4-9879-4bcb-ac59-4ac3e201bf26,d22f0418-222a-43bb-97e9-b2ceea60e9f1,
e7e726de-45a1-4034-bd21-cfbd429c93a6,AP04BZ8005,truck,Ashok Leyland,Dost,Silver,470bc6dc-44e7-4c45-bf4a-da28c0844bdf,8e5036df-127c-4594-9192-f94d067db20e,
50a061de-f28c-41a9-871b-d01600a109b6,UP17DT7663,motorcycle,Honda,Activa,Maroon,4e518ad5-4f1d-4e0b-b8db-35008e94ce9d,e137e7b2-7e1e-406d-bd4d-ca4981740883,
78efdd28-5c91-413d-9acc-cbd3662ad18f,UP44ZB6068,motorcycle,Honda,Activa,Blue,6997d075-6579-4f24-b658-f9be47da879d,e137e7b2-7e1e-406d-bd4d-ca4981740883,
019c368b-4994-4155-8919-14cecdc6de72,UP02ZC9254,motorcycle,Hero,Splendor,Maroon,c8e62b5b-6b2b-486a-a7a9-e56ec10d8171,e137e7b2-7e1e-406d-bd4d-ca4981740883,
0ff97c87-a881-4bcb-86fe-52bbf8978892,UP06ZG2313,motorcycle,Bajaj,Pulsar,Grey,c8e62b5b-6b2b-486a-a7a9-e56ec10d8171,e137e7b2-7e1e-406d-bd4d-ca4981740883,
e96a852e-465a-414e-bcd8-43ab5c0d7ce4,UP15SQ1804,motorcycle,Bajaj,Pulsar,White,75c66359-73bd-47e8-9307-32bf17d34380,e137e7b2-7e1e-406d-bd4d-ca4981740883,
4e8d006a-6379-4c66-a1f9-e66d09983a9c,JH04FL2512,motorcycle,Hero,Splendor,Blue,dcc01f74-9068-4489-adf0-d296d8ee67de,ffcdef86-07ee-4f5c-b8fd-a47e6040283d,
85739fdb-43ba-4477-9ed7-0625ef0c8bd6,JH28DM1136,motorcycle,Hero,Splendor,Black,ec4e0bf5-4e90-487e-8aef-6b6637489f86,ffcdef86-07ee-4f5c-b8fd-a47e6040283d,
86677fe3-4dff-49fa-9d3e-cc3e9062b83d,JH05CL7410,motorcycle,Honda,Activa,Red,df5f0caa-f14d-4a23-a5ab-f47b4e66487c,ffcdef86-07ee-4f5c-b8fd-a47e6040283d,
839f8c96-5d4a-442b-9836-475627e56c31,JH11BA5609,car,Toyota,Innova,Red,62253e8d-5335-4f19-9e28-3aee9bd855d5,ffcdef86-07ee-4f5c-b8fd-a47e6040283d,
d3f28b07-2bf5-4bb9-a110-fbd0ff70fb4f,JH16TL5651,motorcycle,TVS,Apache,Black,bae44582-518e-4cc6-8864-9a68de64fa2e,ffcdef86-07ee-4f5c-b8fd-a47e6040283d,
cd6924b6-18de-4d13-9e4a-ed2d20e779cc,JH26GG2776,car,Honda,City,Red,bae44582-518e-4cc6-8864-9a68de64fa2e,ffcdef86-07ee-4f5c-b8fd-a47e6040283d,
99acc3a3-fcb0-42ff-8344-a2f01bfc1043,MH33XJ3887,car,Hyundai,Creta,Grey,97fa6d8f-8f8c-4e66-9600-c13228fb8b6a,546f61c4-b23c-454c-97a1-8172126c2eb1,
40112a4c-c3bd-4a4d-98cf-ef17ce57f993,MH38PY2745,motorcycle,TVS,Apache,Maroon,61471165-3f7a-400f-8a83-b0804b56ec92,546f61c4-b23c-454c-97a1-8172126c2eb1,
2b055950-1a69-40d2-b516-eb8e5f9a98de,MH03RK3104,truck,Tata Motors,LPT 1109,Blue,ecf8560d-074d-4616-bfe1-5ab4cab60fdc,546f61c4-b23c-454c-97a1-8172126c2eb1,
15fb0404-6954-41bf-9307-e0a6f1bc253b,MH44YN7630,truck,Tata Motors,LPT 1109,White,fe019cc4-ad27-4a9e-8ce5-6f24d484e798,546f61c4-b23c-454c-97a1-8172126c2eb1,
86fb1100-4858-45ba-9eff-29554b7690d8,MH48ZX8422,motorcycle,Honda,Activa,Red,fe56cd72-0ab6-4f4f-a1bc-459955f68bc3,546f61c4-b23c-454c-97a1-8172126c2eb1,
3db59df9-2f75-48d7-afb0-dfef83b96d27,OD45YS4046,car,Mahindra,Bolero,White,63978636-6654-4695-ae29-7aa73b410900,f8fb5476-9b84-42d2-adaa-52d8c313d7d2,
dd41964a-e089-49d5-8765-df0876259e88,OD43TS3219,motorcycle,Honda,Activa,Red,1ec06fb2-834c-4afb-8254-5f294f9bd0da,f8fb5476-9b84-42d2-adaa-52d8c313d7d2,
63b1c349-3922-4be3-bd4f-158ccef54f83,UK51HS4451,motorcycle,Honda,Activa,Red,4682e1e3-d14e-4a06-b425-c1b44c3bdf54,8382482c-b106-46dc-83bd-d519ac2530f3,
dbc59c25-9e95-4517-afff-46f9f335d3b3,UK40JZ3935,motorcycle,Hero,Splendor,Blue,04461a6c-fc3e-43fe-8bae-51cea1308184,8382482c-b106-46dc-83bd-d519ac2530f3,
0d22e758-0567-478d-844c-337b7219b7db,UK37WV8227,car,Toyota,Innova,Black,2ca64574-556a-4e5c-a21d-820a82e4bcb5,8382482c-b106-46dc-83bd-d519ac2530f3,
03832ef5-5434-4b7b-b530-5d2547309964,UK10TF9522,car,Mahindra,Bolero,Red,65493cfb-8afe-4ebd-9df2-faa763b8f310,8382482c-b106-46dc-83bd-d519ac2530f3,
f323c17b-3750-4900-a115-5854e0c3167a,UK60HE2798,motorcycle,Royal Enfield,Classic 350,Maroon,c529d9ef-2cd1-45c2-9e04-a55827105e21,8382482c-b106-46dc-83bd-d519ac2530f3,
51c0cb6a-04c0-4fe3-a711-83cde88bbd15,TN22YS0997,motorcycle,Hero,Splendor,Grey,454733be-201b-4f37-bdc8-fabcf42fcd20,0d0270bd-2e73-46ba-8a90-6a03ed0586b6,036484c0-7073-4f7d-96f0-9d0dda8c0830
6424531c-ff76-4b4a-b60e-a0e5e3cd93a9,TN25ZA6646,car,Maruti Suzuki,Swift,Grey,2462c2eb-1f1b-47a8-8162-d3130384be69,0d0270bd-2e73-46ba-8a90-6a03ed0586b6,
94dca542-3796-47dc-9af7-ffe1e4b53779,AS44LS2157,motorcycle,Honda,Activa,Blue,0ead0884-55ed-4e0c-931f-0414d70f5921,5e7265f2-e024-4948-ae97-9577296c20d5,
76ba6cad-abaf-4e3f-b38d-e0eb265d4334,AS49NF0606,car,Tata Motors,Nexon,Grey,65f2e462-20b2-40dc-aa8d-5e7ced3545a6,5e7265f2-e024-4948-ae97-9577296c20d5,
b85993b2-80f8-4018-93d3-776fee41cc3d,AS06PU8585,motorcycle,Royal Enfield,Classic 350,White,9ecdbdb9-b55e-4e0e-bd9d-ceaafd90bddb,5e7265f2-e024-4948-ae97-9577296c20d5,
877bf3e7-f073-4cee-ad74-e5a226b4c1d4,AS38SV5434,motorcycle,Royal Enfield,Classic 350,White,b130424e-a079-43fc-ae7b-9de36b066ebb,5e7265f2-e024-4948-ae97-9577296c20d5,
9c6d7fe7-2e30-4543-a2ec-c69c57bbb0b6,RJ38YU0299,car,Kia,Seltos,Red,a9de9f02-11c2-4c92-8daa-b23b3e87d736,fd043a74-90df-4cb0-8c21-56031623907b,
01f887b3-f932-4933-bbed-b7d1b422ac03,TN03NR2007,motorcycle,Hero,Splendor,Black,fc2ffc05-29cf-4be2-ab8c-dcfe4f85038e,2ecaeff5-cb3f-4727-8062-b27a7b63af15,
4a908ac0-b9f7-433f-bdc5-543093c68cfe,TN21TQ9320,car,Hyundai,i20,Blue,c01ed628-489a-4805-9c4f-5a34da05d3f8,2ecaeff5-cb3f-4727-8062-b27a7b63af15,
39838f69-aa93-4991-b95b-5989492313c0,TN26KR0339,motorcycle,Royal Enfield,Classic 350,White,a9af8e6a-6122-49ba-92d6-a7fe993d3370,2ecaeff5-cb3f-4727-8062-b27a7b63af15,
0fb585ca-38ea-4ee2-a37e-c9570234861e,TN39ZD1237,motorcycle,Bajaj,Pulsar,Silver,2aafa2df-69ad-4082-9781-01270ad8caad,2ecaeff5-cb3f-4727-8062-b27a7b63af15,
58eca8bf-acfb-447f-96d1-bfb1cc95debf,TN31TU3017,motorcycle,Hero,Splendor,Grey,58403a85-3bb2-4384-b35a-06d05951268a,2ecaeff5-cb3f-4727-8062-b27a7b63af15,
e7a46c79-5dbe-426a-9067-89feaa63adab,TN14PW0089,car,Mahindra,Bolero,White,58403a85-3bb2-4384-b35a-06d05951268a,2ecaeff5-cb3f-4727-8062-b27a7b63af15,
5429a0f8-7520-4029-93d0-6ac32d3c1679,GJ11SM6948,car,Kia,Seltos,Red,d345fe0e-42c2-4e44-83b2-723320815e68,5142d1c6-96f2-49c3-9a7d-0db46d67442c,
43ac7a1d-c309-467c-8ecb-1172a78b89d4,GJ25NC8586,car,Mahindra,Bolero,Red,d345fe0e-42c2-4e44-83b2-723320815e68,5142d1c6-96f2-49c3-9a7d-0db46d67442c,
ae1b05d4-2ee0-42c4-9ef0-030c8e2090a2,GJ13VX3791,car,Maruti Suzuki,Swift,Red,2cd1f3be-6824-4a52-8086-4de729d9aaca,5142d1c6-96f2-49c3-9a7d-0db46d67442c,
a2b321b2-b8fd-4da5-b8f5-789ed42359af,GJ51JX9037,car,Toyota,Innova,Blue,366ebb5e-4205-4993-a2f2-64e5d67ce167,5142d1c6-96f2-49c3-9a7d-0db46d67442c,
69f10f03-1d65-4d8b-b66d-6cfda7ba1595,GJ46AK7718,car,Honda,City,Silver,d038f78a-ac24-4255-9b01-1d1541ce8012,5142d1c6-96f2-49c3-9a7d-0db46d67442c,
124fc45b-df33-43dd-8eec-715c7ebc694a,HR12EH7017,motorcycle,TVS,Apache,Red,1aae9d8c-d6c4-4531-89f0-6293efdbac7d,3882bfc6-6f3e-42f1-acd5-875175110e2b,
b4f82427-5901-4739-9855-00531c840736,HR51AU3393,motorcycle,Hero,Splendor,Silver,003cbc5f-6bd1-45c8-802a-83208f9052bf,3882bfc6-6f3e-42f1-acd5-875175110e2b,
10b3b319-19e1-46e0-b389-7e24f67da901,HR49TY4650,car,Maruti Suzuki,Swift,Silver,8bc0df36-e3d8-4a4a-8c8e-accca462e3ee,3882bfc6-6f3e-42f1-acd5-875175110e2b,
7a6d8a37-d138-49ad-bd65-64d007fd77a1,TN26HQ7160,motorcycle,Hero,Splendor,Silver,ac981fbf-5c23-4f68-9de4-18399d8c9fda,f62681d9-41df-4831-8337-22e02d389b14,
a29b6d39-7a5b-4e19-b9e4-687866e33f9b,TN27MW9595,motorcycle,Bajaj,Pulsar,Grey,39727b42-2e34-4761-86de-934b90995f38,f62681d9-41df-4831-8337-22e02d389b14,
defc554b-27a2-40e8-8d40-7a5e4bd76ebb,OD25FH5242,motorcycle,Hero,Splendor,White,670dbf69-ea2a-485a-b461-c479cc3b7340,5a8c6168-07ce-4d7b-a362-42040a53b054,
cf049d49-baed-4d39-aea3-65f6aa73fc88,OD08BY0624,motorcycle,Hero,Splendor,Blue,ea5053b5-6ea8-4a50-9d34-3c1b00d569d8,5a8c6168-07ce-4d7b-a362-42040a53b054,
2bc85ea1-c693-4cba-8a88-226bf06ebc9d,OD07ER5046,car,Honda,City,White,b21086e5-e0c7-4581-b389-8d45ce5ed6e9,5a8c6168-07ce-4d7b-a362-42040a53b054,
fe5953c7-dc87-4f52-aa41-2dfe3600f00c,OD51UM2774,motorcycle,Bajaj,Pulsar,Silver,491f1427-759d-4897-9869-66d835714bbb,5a8c6168-07ce-4d7b-a362-42040a53b054,
1c71d26a-0694-4309-be18-e58a9662291f,UK22FC1119,motorcycle,Bajaj,Pulsar,Blue,06f3d146-8c0e-4189-91e0-d3c04da2745e,e44e89e9-4e92-4430-af77-94a617033bd3,
3b56da1f-31a3-4ae9-9516-db1bee402882,UK13HF9117,motorcycle,Bajaj,Pulsar,White,b7008cf0-f52c-4878-a4ac-b18aa43bef76,e44e89e9-4e92-4430-af77-94a617033bd3,
0be77784-8742-4570-acc3-c18e03736a44,UK01ZR7547,motorcycle,TVS,Apache,White,e29829bc-7268-4b21-a6c5-c6b2a350bf89,e44e89e9-4e92-4430-af77-94a617033bd3,
7ffc32aa-9adb-4c5e-a2c2-50adad832332,MP07PK7534,car,Maruti Suzuki,Swift,Maroon,64c8c8c4-3eca-40a8-a280-fce21bb2974a,bf0ceee0-aca6-4168-85a6-2ec3eb7b5261,
0a13db71-f7c1-464a-aee2-e14277ff89d9,TN39LQ7659,car,Tata Motors,Nexon,Maroon,3880d8b4-ea8d-455d-aa9c-977ad401abd3,a684d76b-fc88-4771-ac63-cb6776a45e23,
04e191b1-124e-4403-9eae-58c7bfd79e07,RJ25UB4813,motorcycle,Royal Enfield,Classic 350,Red,a340f970-d761-46df-ae50-904a5c84f1df,677b943d-7828-4146-9dbe-db090c179e46,
8f7c73a6-116d-4c89-add6-044257896384,AS05ZX4662,motorcycle,Hero,Splendor,Grey,381edcea-393a-4563-9fea-dfc8d626a408,2796f166-4b38-41c0-aa90-df4c3f1d5918,
9313c70b-5996-4a47-b52f-2743f302ac61,AS41PM0057,car,Honda,City,Silver,1a958dca-63c0-4934-905a-10e51c3d04ca,2796f166-4b38-41c0-aa90-df4c3f1d5918,
e0569d9d-cd0e-4415-85b7-c5fe7f089edd,TS34QF6463,motorcycle,Royal Enfield,Classic 350,Grey,3fc017d2-08cb-4e64-8ac6-678a1612aa6b,abc3dac6-1bb5-41f9-bb42-3e43194cf9ca,
ecb44b58-8791-48d4-98ed-4aef5e2d2b99,TS56TX3186,car,Kia,Seltos,Blue,a863fe66-6b5f-4161-a08e-b86004e3f38e,abc3dac6-1bb5-41f9-bb42-3e43194cf9ca,
10404aa5-de05-473f-80fd-27e2ce1894de,GJ08LN2488,auto-rickshaw,Bajaj,RE Compact,Blue,f227f6b2-166f-413b-8e2a-82ff5d243d54,6f3b90d6-bf47-4007-b91f-248aa5d7305f,
4c3abb72-9e3c-43b3-b95c-d39e5a7908e0,GJ08AW6129,motorcycle,Hero,Splendor,Red,f227f6b2-166f-413b-8e2a-82ff5d243d54,6f3b90d6-bf47-4007-b91f-248aa5d7305f,
dcffaed3-9c84-4674-be0f-6cdaba21428f,MH49ME2764,car,Kia,Seltos,Red,65d05ad4-0721-4fb3-9bd8-1fd0beb5cd57,dd1fd215-3763-45b2-b28b-73a4e5330322,
d2f64c7b-06aa-4b73-8394-c70606168811,MH15XH5422,motorcycle,Bajaj,Pulsar,Silver,65d05ad4-0721-4fb3-9bd8-1fd0beb5cd57,dd1fd215-3763-45b2-b28b-73a4e5330322,
dd43151a-c8d5-4d81-9577-af16ac96bf8a,MH49FH8355,motorcycle,Royal Enfield,Classic 350,Blue,d6d0eceb-8f01-42d5-a6a6-19431cf2251b,dd1fd215-3763-45b2-b28b-73a4e5330322,
3cde07f6-9521-4582-9484-d382d9bd455d,UK04CY0161,motorcycle,TVS,Apache,Black,47635c92-ffa4-4fc8-b344-531214f40b95,f5286c50-0096-4347-8bcf-6a7390ccf886,
b33594e7-e61f-4b61-aa9c-a31a13c31915,UK29FY1393,motorcycle,Hero,Splendor,Maroon,5126cc62-b59f-41b6-8efd-c67a432b7a2c,f5286c50-0096-4347-8bcf-6a7390ccf886,
636c6c5e-be1e-4a87-8802-39aea9e26628,UK04NK9379,motorcycle,Honda,Activa,Maroon,da42248e-bb7b-4a97-9912-fd9aac5842f0,f5286c50-0096-4347-8bcf-6a7390ccf886,
f6d078e1-9413-436a-a59c-b94e352f21d9,KA03ZA0535,car,Kia,Seltos,Grey,2e71c4a0-ae70-4010-a211-112e4f70c8b4,52af94bf-29a6-4158-b962-6a4fcd19d2be,
b466b317-9e3d-4462-b48a-06d82416b7d3,KA22MH0825,motorcycle,Bajaj,Pulsar,Silver,a607336d-9b99-4117-a56f-57962cd30dfc,52af94bf-29a6-4158-b962-6a4fcd19d2be,
13368fee-2198-4017-9306-a41280ee7315,UK40TC2083,car,Tata Motors,Nexon,Grey,c0ccc50e-59e2-4ce9-98d3-5b931dd2ae0f,99e9a460-ceb3-4609-9a0f-4dce99ada1b2,
f4880cfe-3773-414b-b5c7-014cf31225b4,UK57VG3923,auto-rickshaw,Bajaj,RE Compact,Black,c0ccc50e-59e2-4ce9-98d3-5b931dd2ae0f,99e9a460-ceb3-4609-9a0f-4dce99ada1b2,
242ee311-ad10-43ce-a198-c96b073cad20,UK41DC0654,motorcycle,Hero,Splendor,Red,16602d3f-f368-4b15-a638-1e646f05263a,99e9a460-ceb3-4609-9a0f-4dce99ada1b2,
43da3230-ec05-4cfc-b825-941f288139e2,UK18EM9384,motorcycle,Honda,Activa,Grey,f2115e40-063f-47d4-b56c-82c06cb911ef,99e9a460-ceb3-4609-9a0f-4dce99ada1b2,
16c41733-847b-426a-81ec-652681787091,UK02VA3893,motorcycle,Royal Enfield,Classic 350,Silver,ce0f7998-6e71-4f65-a70d-da5916d42ad9,99e9a460-ceb3-4609-9a0f-4dce99ada1b2,
2ed2d4ab-4298-454e-8f47-b81ed09a41ab,UK18FL1888,car,Kia,Seltos,Maroon,d719e8f8-6480-46af-9992-feb3c71c8c5f,99e9a460-ceb3-4609-9a0f-4dce99ada1b2,
82e4212f-220d-48f3-ada7-7acd41b5ed4a,TN25BB1055,auto-rickshaw,Bajaj,RE Compact,Maroon,2090861b-d686-40ef-bb36-c556e162d4dc,3b2bb895-120c-43af-bc7b-c14f67265184,
7bc4e564-b130-4e4e-a0e3-e7e1d1087a3e,TN23XY7624,auto-rickshaw,Bajaj,RE Compact,White,cd56c319-1ab9-4f7f-a508-a811475fcdb7,3b2bb895-120c-43af-bc7b-c14f67265184,
3f16d919-4d6a-4b87-b37d-01ea683ce313,TN54HM7930,motorcycle,Honda,Activa,Blue,cd56c319-1ab9-4f7f-a508-a811475fcdb7,3b2bb895-120c-43af-bc7b-c14f67265184,
db031c8c-d3e9-4bae-8296-20bb60eb3c25,TN31BU8186,auto-rickshaw,Bajaj,RE Compact,Grey,a255d4b8-bfce-4ea5-a193-2d6faa2f7ea9,3b2bb895-120c-43af-bc7b-c14f67265184,
caa6f13b-15f8-4ada-8b79-4e03889d2822,KL43ED1216,car,Hyundai,Creta,Black,d1f8d02e-22bd-47c9-af5f-de128d51a78f,acf95cbc-185f-41f6-abd6-8eae56de4478,
a6c492c7-e0ee-43fc-805b-506fb1d8e101,KL44ZA3407,car,Honda,City,Silver,d36f8888-13c7-4666-88cd-f15ba4ba1d3b,acf95cbc-185f-41f6-abd6-8eae56de4478,
df0652b6-73df-470b-b2b9-293265c6575a,MH51TB5999,motorcycle,Honda,Activa,White,c34466cd-a07d-4875-8c89-0129dcaa6671,736c90c6-9a18-43b8-bb0f-6bcf33dc8dab,
d50318ad-d49b-4f3c-a2b9-195b7f155e34,MH47KM3854,motorcycle,Bajaj,Pulsar,Maroon,27d5070b-c246-48cc-8b84-baaaf02ab95b,736c90c6-9a18-43b8-bb0f-6bcf33dc8dab,
f57a2b24-8769-4549-9c51-0b9f27754e08,MH59DX8524,motorcycle,Royal Enfield,Classic 350,Red,e1beaf71-9083-44d6-bf40-81271b755321,736c90c6-9a18-43b8-bb0f-6bcf33dc8dab,
ce21f370-9479-4af0-8875-06b47705fdbc,MH43NB8885,car,Kia,Seltos,Grey,be0305d1-112c-45b7-a4d9-b115e8316072,736c90c6-9a18-43b8-bb0f-6bcf33dc8dab,
bd68c3bc-46fe-4ad4-8983-71c3882debf6,PB35TX7669,motorcycle,Hero,Splendor,White,7102f23c-c699-4f95-b4a6-9db5be0c099d,8670bb15-32d0-4ae2-b883-f73d786b4229,
3cb639b3-8726-4a6e-8b24-f2f8a68d9dfa,PB12CG4673,car,Hyundai,Creta,Red,a1986a86-ee18-4b99-bde2-9f10ab7ccd8e,8670bb15-32d0-4ae2-b883-f73d786b4229,598b970f-3219-4a29-a843-eb1703d9bcc2
9f7db3aa-335f-4ac0-a090-c07433fb52b8,PB02YM1343,motorcycle,TVS,Apache,Grey,5059d8a2-ca3c-4207-826a-857b223b974b,8670bb15-32d0-4ae2-b883-f73d786b4229,
65d60d87-db26-4c3f-8a71-382bb684e69a,PB48QR8990,motorcycle,Royal Enfield,Classic 350,Black,3825ab70-12aa-4106-a930-22299c410992,8670bb15-32d0-4ae2-b883-f73d786b4229,
fc0a7e79-cb1a-4cc6-907f-7595ff98f8ae,MH09MS6969,car,Honda,City,White,f0bcd42b-d612-4875-bcb6-e10a30a4d836,afdd5085-731a-4ddd-be19-44a21c8bc3e2,
6cd25fb4-bff8-4beb-b74a-29a04803a6b3,MH35TU9582,motorcycle,Bajaj,Pulsar,Grey,4e4f0a11-0920-4167-8ace-540ebd0984a6,afdd5085-731a-4ddd-be19-44a21c8bc3e2,
cabf48d5-d8b5-4e81-8d96-180ed6899ca8,BR53ZG8840,auto-rickshaw,Bajaj,RE Compact,Black,170f0efe-f3de-4674-8f23-189dfed839c7,da97debf-a2c0-4f37-9708-76fe4aef4637,
8abc83c7-60f4-41ed-bacd-8a3a639a9e53,BR04HL6036,auto-rickshaw,Bajaj,RE Compact,Black,ea4550e1-8bef-4ff3-be42-f32ecbec2b0c,da97debf-a2c0-4f37-9708-76fe4aef4637,
97b5d061-56dd-48a3-a8d6-3fd269b3f9e3,BR50HY1825,motorcycle,TVS,Apache,Silver,dab4dd42-4d7b-4b2f-a4bd-488c1ae33343,da97debf-a2c0-4f37-9708-76fe4aef4637,
1c7d20ff-ac4f-4956-a25d-cbe791e218a1,MP24NU2513,car,Hyundai,Creta,Black,a30e127a-6a24-462f-a270-525e76f6b9f6,0ef6a8e7-98bf-41b7-a775-e46b94c109c8,
1a67748d-71bb-4a1f-8f82-9bf39036003c,MP15LV5485,car,Mahindra,Bolero,Maroon,d1ffb102-bd9f-4402-83a6-25026d500874,0ef6a8e7-98bf-41b7-a775-e46b94c109c8,
6de7d0ad-c6b9-4f6c-9808-7861807c6ffc,MH22DM4883,car,Hyundai,i20,White,e9dadbbf-744c-47a3-8a6f-16d89937730c,5fe5dbf8-7a2a-48e8-9772-3cf1d29df5c4,
16c0b2b4-df71-4dcd-8d91-b607a814a7b5,MH05CA3179,motorcycle,Bajaj,Pulsar,Silver,26bf84c5-8e0f-45cd-8b7c-bb0ab1e26619,5fe5dbf8-7a2a-48e8-9772-3cf1d29df5c4,
69c6eb43-a4e5-4248-b347-3f33414bdb71,KL29EJ3525,motorcycle,Hero,Splendor,White,e877940c-30c3-4ae4-a2b5-f9b014064bf3,961cb9df-ce49-4bb0-bab6-f5d0d1bee9b8,
3d057201-de06-47f8-991a-d4a5084197d5,OD15WU3518,car,Toyota,Innova,Blue,10076921-f861-41b0-8118-7047c3900b85,9d0acc1a-7cf8-43d2-b9dd-df559896f394,
114a2603-39a0-44af-a16e-0397c75e64b5,OD32CP9583,motorcycle,Honda,Activa,Silver,4a7efbc8-be33-4c54-b292-68a92964acdf,9d0acc1a-7cf8-43d2-b9dd-df559896f394,
50537bea-fde1-42f2-b8d8-368c034f63d0,OD50KJ6398,auto-rickshaw,Bajaj,RE Compact,White,beb95eea-1b12-4cf4-86af-5c17c41e6c34,9d0acc1a-7cf8-43d2-b9dd-df559896f394,
386e2b16-2a3a-4105-a6f7-6dfc0fa73511,OD33JD9531,auto-rickshaw,Bajaj,RE Compact,Grey,f5172255-7e16-4f6c-a655-1b48ab1bc661,9d0acc1a-7cf8-43d2-b9dd-df559896f394,
4936d8d0-9eb1-4597-bd71-a99d75dd0cf3,OD12UH1368,motorcycle,Bajaj,Pulsar,Black,2d93c2b0-c63d-41da-8fe4-ded93ff7ffbe,02f8a4a5-431b-4492-b02e-9f5dea78934c,
fd033503-5697-4459-8791-a5e0010ad935,OD34GX8420,truck,Ashok Leyland,Dost,White,b56c9b82-0597-4e04-9c41-1272f478a5d2,02f8a4a5-431b-4492-b02e-9f5dea78934c,
89be9a84-1e42-4629-b8bd-28564975a335,OD53EJ2768,motorcycle,TVS,Apache,White,a9c21c0f-a8ef-47ad-864c-087fea52c40f,02f8a4a5-431b-4492-b02e-9f5dea78934c,
e9d0a11e-25af-4c08-ba4f-ca44282f4dea,OD26KF5327,motorcycle,Honda,Activa,Blue,96de2066-e81f-45d7-a4b1-3eee06a078b3,02f8a4a5-431b-4492-b02e-9f5dea78934c,
1430684e-76e5-4330-874b-1af8892dbde5,OD09RB3932,motorcycle,Honda,Activa,Maroon,96de2066-e81f-45d7-a4b1-3eee06a078b3,02f8a4a5-431b-4492-b02e-9f5dea78934c,
03944910-273a-4e60-89a7-acc116ed3f0f,OD55WS6323,motorcycle,Royal Enfield,Classic 350,Maroon,6f2445fc-93fc-4b40-b406-c3b90a4a3eb1,b0d541e6-03ce-4db7-be47-eba21bd01943,
bbee6e11-212f-456a-afa5-e5c9700586c1,OD33TX8691,truck,Tata Motors,LPT 1109,Silver,179cfee0-746e-4c99-b25c-35408c16ed81,b0d541e6-03ce-4db7-be47-eba21bd01943,
0bd27c09-03f3-4f00-ae87-28bdb2ca178a,OD02ND1141,motorcycle,Hero,Splendor,Silver,04dd7a79-adee-4d84-af06-e4f5d5d65a65,b0d541e6-03ce-4db7-be47-eba21bd01943,
a5e3cb36-1087-473d-b470-62216e9bf9af,WB46XP0735,motorcycle,Honda,Activa,Maroon,6b74afbd-79cf-4683-b6f5-e31b054f4a0f,3548beb9-6adf-49db-968e-bb7eea1585ad,
b0c4307f-b10b-4548-8364-4564f72e1670,PB14PQ7277,auto-rickshaw,Bajaj,RE Compact,White,4de490be-92c2-4542-a982-4a674c43b835,23d0938b-ad26-4713-afe3-7611f8baf2c9,
5e0b75ac-dd77-4243-bbd8-d9c003965590,PB11WW8361,car,Hyundai,i20,Silver,b2ea8930-4616-4900-af3b-efbcaefd3c7a,23d0938b-ad26-4713-afe3-7611f8baf2c9,
dbb70965-a707-488e-98a7-cce1b2028a98,PB13SG5810,truck,Mahindra,Bolero Pickup,Maroon,16757341-7413-4caa-a82d-50e53ac5a3c5,70541888-79db-48a8-84ec-0f9f8ce6d7d8,3fc017d2-08cb-4e64-8ac6-678a1612aa6b
5e8db5f6-baf6-44b1-b412-11ba759039c4,PB38HQ3286,auto-rickshaw,Bajaj,RE Compact,Grey,61689509-1140-433d-9390-7d1f7e7b5151,70541888-79db-48a8-84ec-0f9f8ce6d7d8,
550eb148-86bf-44af-b4a5-9a3cd9fa6b89,PB20GQ0251,motorcycle,Royal Enfield,Classic 350,Grey,e1631865-a6e0-42ba-8241-0fb34d3cd2d5,70541888-79db-48a8-84ec-0f9f8ce6d7d8,
1dbee4dd-89bf-43cd-9e99-3b0a9a60163c,PB55ZZ0098,car,Toyota,Innova,White,bd8f8771-5183-4e45-bdc2-47769d743b6d,70541888-79db-48a8-84ec-0f9f8ce6d7d8,
396a0264-cfeb-43e0-827a-62707662d220,MP09HX0490,motorcycle,Hero,Splendor,Blue,3c7a665a-29ef-4c51-937c-9238747d8c3f,5afe0c58-ef26-4319-883f-658b513ec377,
bb355600-cffe-43fa-a33d-b751471c7506,MP47BB3577,auto-rickshaw,Bajaj,RE Compact,Silver,3c7a665a-29ef-4c51-937c-9238747d8c3f,5afe0c58-ef26-4319-883f-658b513ec377,1edcdcff-eff3-4399-b490-6ece1fd0a750
a4abea08-e734-423f-b589-87db14214542,MP14FH5717,motorcycle,Bajaj,Pulsar,Red,5d2ae276-3079-4637-a6ae-1a9d24650025,5afe0c58-ef26-4319-883f-658b513ec377,
9b399435-7c6a-4630-92b8-33244245ffd3,MP26CW9691,truck,Mahindra,Bolero Pickup,Maroon,bd8ffb91-4a85-4375-a354-b703ce6db5df,5afe0c58-ef26-4319-883f-658b513ec377,
c75dd91e-f313-4a21-8ce6-f686e96f7d46,MP04SF4514,auto-rickshaw,Bajaj,RE Compact,Grey,b02f1385-c313-4d11-9483-30beaaf05bfb,5afe0c58-ef26-4319-883f-658b513ec377,
c8f082ab-fe5e-405a-b74a-34e657545399,MP14WA0260,car,Hyundai,i20,Silver,b02f1385-c313-4d11-9483-30beaaf05bfb,5afe0c58-ef26-4319-883f-658b513ec377,
62aac99b-3af2-4121-ad9f-420456294e05,BR46DR4638,van,Mahindra,Bolero Camper,Grey,a4a3d39c-2a6c-45d1-ab3c-c8263a36425a,ec8e2774-5abd-4198-810b-d14d2f0b2f0d,
81e5bc18-f7af-432c-8f60-7c34725e89f0,BR17TQ8987,motorcycle,Bajaj,Pulsar,White,fae9c748-d675-4368-bd10-d0e9f1845f36,ec8e2774-5abd-4198-810b-d14d2f0b2f0d,
5c60c950-c2a4-4988-b1ab-d89b0bd9c74b,BR52PW3781,car,Hyundai,i20,White,fae9c748-d675-4368-bd10-d0e9f1845f36,ec8e2774-5abd-4198-810b-d14d2f0b2f0d,
fefab0ff-cffc-4708-8f46-146f35495e14,BR18MV6217,auto-rickshaw,Bajaj,RE Compact,Grey,3edddde4-8f52-4191-bb68-4ca5c0937f0c,ec8e2774-5abd-4198-810b-d14d2f0b2f0d,
46882b5b-ddf3-44e8-95cb-e0c105b1f6d6,KA21PF0200,motorcycle,Bajaj,Pulsar,Red,390152b8-b9d9-4ed2-b694-1f5c77fd664d,23e9c381-d190-47d0-88a3-80108b8175f4,
ba9d4c61-0de0-4441-b93d-f1e1f13b24d3,KA28BD2221,auto-rickshaw,Bajaj,RE Compact,Red,99c46036-7fd4-467c-8426-42200de737d6,23e9c381-d190-47d0-88a3-80108b8175f4,
39f02772-603c-42b1-b59c-5452ff89a353,MN24GS6737,motorcycle,Honda,Activa,Silver,82cf393e-99ba-4826-84f4-92e41b8f73fc,45e803a1-d704-4e47-9f8a-a5fe1b39d690,
fa6a4bc8-78a6-43c4-ba31-67211389fa2e,MN50GN0442,motorcycle,Royal Enfield,Classic 350,White,4c46d71b-f1f2-4b0b-bada-337b239ff089,45e803a1-d704-4e47-9f8a-a5fe1b39d690,
a0cd27a4-7dde-40fc-8a38-778d10d7709e,MN53AP9672,motorcycle,TVS,Apache,Silver,4c46d71b-f1f2-4b0b-bada-337b239ff089,45e803a1-d704-4e47-9f8a-a5fe1b39d690,
4ff78444-414b-456e-835c-b3ac5abac474,MN55AB6103,motorcycle,Bajaj,Pulsar,Silver,2cab61da-ab35-4b04-b36b-5d7b50c40fad,45e803a1-d704-4e47-9f8a-a5fe1b39d690,
d618dca2-8231-49a2-b464-484360aef8e0,UK30UK1220,truck,Eicher,Pro 2049,White,82035ef9-663e-4b3a-860e-9e7b32bd7c4c,79815ee3-1b5e-458f-bab4-9cfefbbc415d,
060a4ee9-f2a2-4168-b608-f4f69dcb807b,UK04KW6248,truck,Ashok Leyland,Dost,Red,a06c1b06-916c-4e2a-b081-dc998e9bc1a8,79815ee3-1b5e-458f-bab4-9cfefbbc415d,
3a61d8d3-7a8f-4900-9fc5-28f7e9deb822,UK56JM6024,motorcycle,TVS,Apache,Black,f1c3e1a5-ac4e-47d2-a4b3-4137b1e4711f,79815ee3-1b5e-458f-bab4-9cfefbbc415d,
bc06fd23-01ac-42c9-ac5a-50b00db7f08f,UK21JT4734,auto-rickshaw,Bajaj,RE Compact,Grey,a083d2d1-63c1-40ec-b094-1e9b1c2c67df,79815ee3-1b5e-458f-bab4-9cfefbbc415d,
a0c3e7dc-4c30-4eb8-b2f7-7b5067558be0,UK03DC3110,auto-rickshaw,Bajaj,RE Compact,Grey,0802925b-2aa8-4638-abd4-2bfabd1e99f5,79815ee3-1b5e-458f-bab4-9cfefbbc415d,
6f43e52c-5957-4099-bc10-6406edad4391,RJ16FN3516,auto-rickshaw,Bajaj,RE Compact,Red,4ee42562-ddd0-478a-b378-3e762196bca3,6117ba7e-5dfb-44a0-a425-b11cd0f2f028,
9676af06-eb1d-4673-af09-e548cd497450,RJ12WB0138,motorcycle,Royal Enfield,Classic 350,Grey,f8ccc9c3-6c66-4038-b5a1-8974d12447d8,48334aae-dd4b-4559-927f-4011694a1d92,
76a98f3f-db76-4e52-919a-0acda54f5213,RJ47PY3127,motorcycle,Honda,Activa,Maroon,a11e1b94-6df1-4025-a227-175826035578,48334aae-dd4b-4559-927f-4011694a1d92,
0c457848-9976-48c8-b45e-51850fff8da4,AP29PW2735,motorcycle,Bajaj,Pulsar,Blue,adcafda7-b4e8-4c35-bf25-fb7e17860d2d,d1739ddb-7365-4554-a76b-d261f099ae21,
e1a0bf45-1ecb-4b52-999c-1aed6e39fa92,AP35WW3589,motorcycle,TVS,Apache,Red,f3d2335d-16c2-4a88-9fee-f8f8a012a33a,d1739ddb-7365-4554-a76b-d261f099ae21,
c5a5206f-c328-48f4-807b-00e03a2167f2,AP12PM1579,motorcycle,Hero,Splendor,Red,9a8109f2-f379-4bba-8f49-c2a8215f755c,d1739ddb-7365-4554-a76b-d261f099ae21,
f7cd4196-63ec-4a65-80eb-79884b3b978a,AP35SY1263,motorcycle,Royal Enfield,Classic 350,Grey,925d4338-d82c-4039-818a-efeac87ba8a7,d1739ddb-7365-4554-a76b-d261f099ae21,
73c51840-be3f-496c-aee0-a9bc4b1fade6,OD37AG4676,motorcycle,Hero,Splendor,Blue,f178c96d-e84f-4853-8d86-c9cf4ceccd22,0f50f615-7033-4550-b3c0-1327c1c40070,
8076f4f0-e98e-4c18-a440-86cb6cdf0c2a,AP03TT6244,motorcycle,Bajaj,Pulsar,Maroon,6a344449-4a23-435d-8f36-deb6496e7ac9,2b0ca621-d0f1-4f47-a2b9-1db10529d693,
844ca664-c2c6-4932-afdc-a0ba524f9a90,AP28ZD1853,motorcycle,Bajaj,Pulsar,Maroon,24c3bc57-33d6-4b69-9ced-8aeb7e3f40f0,2b0ca621-d0f1-4f47-a2b9-1db10529d693,
d530886f-ac82-4e1d-b554-92b0774a8117,KL57CA7733,motorcycle,TVS,Apache,Black,4604c0fb-6f50-45d8-9c76-8c666a59a025,1ab2e194-0820-4f38-95a6-48060600b32e,
69c460e8-c292-4c7b-9cf3-fdb21bead100,KL10UY1667,truck,Mahindra,Bolero Pickup,Black,9e769a94-ff05-4ddd-b68a-bb6038f253f8,1ab2e194-0820-4f38-95a6-48060600b32e,
93010bbe-9e17-4684-9804-21a930dbc03f,KL40NX5818,car,Toyota,Innova,White,7305de97-f04e-431b-8ecc-680ffd80cd1b,1ab2e194-0820-4f38-95a6-48060600b32e,
e7586eb9-4473-4ab2-beee-34311ba214e7,KL26JV1825,motorcycle,Royal Enfield,Classic 350,Grey,ce944e98-e028-4321-bda6-93e3feef6c71,1ab2e194-0820-4f38-95a6-48060600b32e,
2bdd37c0-a40a-4678-a6bf-9c90d6865e0f,KL07MZ3944,motorcycle,Hero,Splendor,Red,9d974a3c-f8cf-4f4a-a64d-eef3238900a7,1ab2e194-0820-4f38-95a6-48060600b32e,
91a07d25-2fd9-4baf-b229-bf20980287d3,UP57RW1751,motorcycle,Hero,Splendor,Red,be8508f1-4cab-4d2d-9bfa-9e2a180f4927,d5a1bd73-cd7f-4fdb-a391-b386895777aa,
af385967-7ff2-48e9-87cf-bc89c02c7f87,UP47TD0142,van,Maruti Suzuki,Eeco,Blue,be8508f1-4cab-4d2d-9bfa-9e2a180f4927,d5a1bd73-cd7f-4fdb-a391-b386895777aa,
9a6f2866-4fd4-448b-bbf1-29964886b64f,GJ57CC7387,car,Kia,Seltos,Grey,ff4518c5-e310-4762-be13-f02796a2f94b,9c3ab627-7bf2-4906-a00a-aa7a9d1113bd,
eb58958c-7069-4f40-9ed6-2fcf637728e1,GJ29CK0632,motorcycle,Bajaj,Pulsar,Silver,bea49cbe-6edb-4979-b1ac-da82e624fe34,9c3ab627-7bf2-4906-a00a-aa7a9d1113bd,
664d0768-8e6e-4b76-9522-24983fd89a20,HR19WA7371,motorcycle,TVS,Apache,Black,89465103-50b1-4dbc-bbf5-8a0b88385964,26761411-cf0a-4118-9225-5d7d50d855c6,
76cbedb4-59d6-4c98-ab52-7f91fbcaf50b,HR51DX4308,auto-rickshaw,Bajaj,RE Compact,Grey,f9cf81a8-e4b0-4069-b03f-fb3a69f37306,26761411-cf0a-4118-9225-5d7d50d855c6,
da3f9dd5-7997-413d-af90-18885717bac5,HR02LM1729,motorcycle,Honda,Activa,Silver,3ca638bf-b7d5-4d89-9109-46b0511ab403,26761411-cf0a-4118-9225-5d7d50d855c6,
e4f10ef0-40e4-4769-b14f-357df5eed74e,HR32MD2077,car,Kia,Seltos,Silver,3a3aa59a-f674-485b-87e1-2cc8a25f2707,26761411-cf0a-4118-9225-5d7d50d855c6,
d81f9142-5089-42a3-b921-8794b7b7ec5d,HR02QP1232,motorcycle,Royal Enfield,Classic 350,Maroon,c22e9823-2792-4a14-93e2-e195038bf6e0,26761411-cf0a-4118-9225-5d7d50d855c6,
f92dbe08-ff7c-4eb5-9347-14d4ee4e0a8c,RJ31XZ0560,truck,Mahindra,Bolero Pickup,Blue,64d8b984-2a98-448d-a4fb-7784ce6b1b44,f635f2bf-e22f-4f52-980e-3ff7681f1784,
79ad7cf4-7cf9-45b4-bfd4-efc691465124,RJ41PK6578,motorcycle,Bajaj,Pulsar,Red,c85e0d91-7387-4037-877d-ad65f52e9468,f635f2bf-e22f-4f52-980e-3ff7681f1784,
d9281a73-729c-4a5a-8dd6-e77b2e813d52,RJ20SG6016,car,Maruti Suzuki,WagonR,Silver,fb2ddcd8-b6d6-480b-a586-c11f057f2ac8,f635f2bf-e22f-4f52-980e-3ff7681f1784,
90dbc4a6-a83f-4185-927b-e445970bd971,RJ20EG1417,auto-rickshaw,Bajaj,RE Compact,Grey,a53fff68-2c1f-4540-a9b7-9187343dc876,03f4af80-1def-4823-bfa0-337b4814ad8a,a8e20f0c-a0dc-4b0b-8e64-0798129b4048
fbc27186-4f39-4acb-a599-af0998589cbc,RJ54FD6619,motorcycle,TVS,Apache,Maroon,a53fff68-2c1f-4540-a9b7-9187343dc876,03f4af80-1def-4823-bfa0-337b4814ad8a,45fde464-2062-4c6b-8c6d-947c4580b94d
db8f1b7e-2b92-4b76-ad76-51ecacf5143f,UP48PH6254,car,Mahindra,Bolero,Blue,3b9d407c-f589-4074-a783-0b6544c53a15,dd569924-080f-4344-80fb-cdbb7bc41e6a,
