person_name,lat,lng,timestamp
Vikram Malhotra,19.049001,72.850371,2024-11-01T00:00:00
Vikram Malhotra,19.098091,72.901888,2024-11-01T06:00:00
Vikram Malhotra,19.085372,72.845075,2024-11-01T20:00:00
Vikram Malhotra,19.031724,72.859635,2024-11-01T21:00:00
Vikram Malhotra,19.067334,72.86921,2024-11-02T20:00:00
Vikram Malhotra,19.032026,72.891582,2024-11-01T20:00:00
Vikram Malhotra,19.051458,72.89782,2024-11-02T06:00:00
Vikram Malhotra,19.077426,72.903463,2024-11-03T15:00:00
Vikram Malhotra,19.072523,72.903999,2024-11-03T08:00:00
Vikram Malhotra,19.069585,72.917513,2024-11-04T00:00:00
Vikram Malhotra,19.071493,72.882965,2024-11-03T22:00:00
Vikram Malhotra,12.954084,77.616024,2024-11-05T03:00:00
Vikram Malhotra,13.001717,77.58017,2024-11-05T00:00:00
Vikram Malhotra,12.994359,77.618279,2024-11-06T10:00:00
Vikram Malhotra,12.979434,77.600688,2024-11-02T04:00:00
Vikram Malhotra,12.940401,77.635378,2024-11-05T09:00:00
Vikram Malhotra,12.99855,77.631875,2024-11-08T08:00:00
Vikram Malhotra,13.014859,77.567952,2024-11-06T16:00:00
Vikram Malhotra,18.492322,73.821442,2024-11-09T06:00:00
Vikram Malhotra,18.532923,73.8391,2024-11-04T04:00:00
Vikram Malhotra,26.817658,80.975612,2024-11-10T04:00:00
Vikram Malhotra,26.818474,80.907415,2024-11-08T00:00:00
Vikram Malhotra,26.822649,80.960576,2024-11-03T18:00:00
Vikram Malhotra,26.834867,80.90215,2024-11-07T17:00:00
Vikram Malhotra,26.838669,80.915302,2024-11-04T00:00:00
Vikram Malhotra,18.518441,73.81785,2024-11-06T05:00:00
Vikram Malhotra,17.367861,78.515339,2024-11-14T00:00:00
Vikram Malhotra,17.394343,78.526263,2024-11-13T09:00:00
Arjun Reddy,26.885526,75.831542,2024-11-01T00:00:00
Arjun Reddy,18.529846,73.833893,2024-11-01T07:00:00
Arjun Reddy,18.554566,73.853115,2024-11-01T22:00:00
Arjun Reddy,28.594793,77.243324,2024-11-02T03:00:00
Arjun Reddy,28.644768,77.235338,2024-11-02T08:00:00
Arjun Reddy,28.641827,77.179732,2024-11-02T01:00:00
Arjun Reddy,28.624507,77.202881,2024-11-03T00:00:00
Arjun Reddy,28.585381,77.215182,2024-11-03T08:00:00
Arjun Reddy,28.572789,77.243733,2024-11-02T08:00:00
Arjun Reddy,28.625439,77.190251,2024-11-02T03:00:00
Arjun Reddy,28.633937,77.183527,2024-11-04T18:00:00
Arjun Reddy,28.637491,77.174877,2024-11-04T05:00:00
Arjun Reddy,28.614296,77.234181,2024-11-05T00:00:00
Arjun Reddy,28.591627,77.209546,2024-11-05T21:00:00
Arjun Reddy,26.901693,75.809458,2024-11-03T22:00:00
Arjun Reddy,26.868322,75.752587,2024-11-03T12:00:00
Arjun Reddy,26.934803,75.785927,2024-11-03T00:00:00
Arjun Reddy,17.404242,78.48109,2024-11-07T09:00:00
Arjun Reddy,17.415771,78.457023,2024-11-02T12:00:00
Arjun Reddy,17.355922,78.45284,2024-11-07T08:00:00
Arjun Reddy,17.400441,78.442665,2024-11-06T00:00:00
Arjun Reddy,17.372215,78.461175,2024-11-02T18:00:00
Arjun Reddy,17.38791,78.48148,2024-11-02T20:00:00
Arjun Reddy,17.413064,78.499404,2024-11-12T12:00:00
Deepak Yadav,18.515354,73.865547,2024-11-01T00:00:00
Deepak Yadav,18.544464,73.895332,2024-11-01T07:00:00
Deepak Yadav,18.493372,73.8131,2024-11-01T04:00:00
Deepak Yadav,18.505726,73.828966,2024-11-02T12:00:00
Deepak Yadav,28.64065,77.23877,2024-11-01T16:00:00
Deepak Yadav,28.57282,77.210126,2024-11-02T11:00:00
Deepak Yadav,28.625322,77.220232,2024-11-03T12:00:00
Deepak Yadav,28.607403,77.184893,2024-11-01T21:00:00
Deepak Yadav,28.584497,77.200184,2024-11-03T08:00:00
Deepak Yadav,17.381286,78.447602,2024-11-03T06:00:00
Deepak Yadav,17.373196,78.447721,2024-11-03T02:00:00
Deepak Yadav,17.409103,78.486662,2024-11-02T09:00:00
Deepak Yadav,17.41124,78.524738,2024-11-06T12:00:00
Deepak Yadav,17.426354,78.495697,2024-11-07T12:00:00
Deepak Yadav,17.401027,78.529256,2024-11-03T08:00:00
Deepak Yadav,17.397194,78.521292,2024-11-05T09:00:00
Deepak Yadav,17.399988,78.447737,2024-11-02T08:00:00
Deepak Yadav,17.392661,78.476103,2024-11-09T12:00:00
Deepak Yadav,17.385308,78.505135,2024-11-02T12:00:00
Deepak Yadav,17.395482,78.522446,2024-11-05T18:00:00
Deepak Yadav,17.378558,78.463596,2024-11-03T12:00:00
Deepak Yadav,22.572485,88.337054,2024-11-08T00:00:00
Deepak Yadav,22.53097,88.402045,2024-11-11T02:00:00
Deepak Yadav,22.56753,88.397894,2024-11-04T20:00:00
Farah Sheikh,19.102286,72.870033,2024-11-01T00:00:00
Farah Sheikh,19.051586,72.89868,2024-11-01T07:00:00
Farah Sheikh,19.079542,72.914334,2024-11-02T00:00:00
Farah Sheikh,19.103158,72.895383,2024-11-01T15:00:00
Farah Sheikh,19.065323,72.861631,2024-11-02T12:00:00
Farah Sheikh,19.036776,72.876947,2024-11-02T01:00:00
Farah Sheikh,13.011084,77.560867,2024-11-02T00:00:00
Farah Sheikh,13.00144,77.633502,2024-11-02T11:00:00
Farah Sheikh,12.964955,77.591634,2024-11-02T08:00:00
Farah Sheikh,12.94862,77.56545,2024-11-02T21:00:00
Farah Sheikh,12.978485,77.636737,2024-11-03T02:00:00
Farah Sheikh,12.996941,77.556764,2024-11-04T05:00:00
Farah Sheikh,12.941669,77.589319,2024-11-06T00:00:00
Farah Sheikh,12.965603,77.563598,2024-11-05T21:00:00
Farah Sheikh,18.513859,73.819153,2024-11-04T12:00:00
Farah Sheikh,18.489121,73.877119,2024-11-04T18:00:00
Farah Sheikh,18.502909,73.837171,2024-11-07T16:00:00
Farah Sheikh,18.481836,73.823966,2024-11-07T09:00:00
Farah Sheikh,18.557889,73.812032,2024-11-08T12:00:00
Farah Sheikh,18.509072,73.848101,2024-11-07T08:00:00
Farah Sheikh,18.562787,73.845272,2024-11-08T12:00:00
Farah Sheikh,18.564321,73.818072,2024-11-02T18:00:00
Farah Sheikh,18.486569,73.895631,2024-11-04T16:00:00
Farah Sheikh,18.514661,73.834651,2024-11-07T17:00:00
Farah Sheikh,18.519375,73.873681,2024-11-03T00:00:00
Farah Sheikh,18.558825,73.877931,2024-11-06T05:00:00
Farah Sheikh,18.55837,73.844215,2024-11-14T00:00:00
Farah Sheikh,12.950098,77.590588,2024-11-14T12:00:00
Ganesh Patil,23.063201,72.602167,2024-11-01T00:00:00
Ganesh Patil,28.626909,77.246557,2024-11-01T08:00:00
Ganesh Patil,28.656616,77.171194,2024-11-01T10:00:00
Ganesh Patil,28.583794,77.202412,2024-11-01T18:00:00
Ganesh Patil,28.616891,77.243833,2024-11-02T20:00:00
Ganesh Patil,28.605937,77.24291,2024-11-01T15:00:00
Ganesh Patil,23.047427,72.557381,2024-11-02T00:00:00
Ganesh Patil,22.996331,72.593768,2024-11-02T18:00:00
Ganesh Patil,13.000104,77.549697,2024-11-02T00:00:00
Ganesh Patil,12.964198,77.587108,2024-11-03T06:00:00
Ganesh Patil,12.941927,77.583307,2024-11-02T16:00:00
Ganesh Patil,12.94295,77.635004,2024-11-05T03:00:00
Ganesh Patil,12.945706,77.567658,2024-11-03T00:00:00
Ganesh Patil,12.943842,77.638109,2024-11-05T08:00:00
Ganesh Patil,13.008805,77.559392,2024-11-08T00:00:00
Ganesh Patil,12.952963,77.583585,2024-11-04T18:00:00
Ganesh Patil,19.083716,72.875709,2024-11-09T00:00:00
Ganesh Patil,19.031811,72.856626,2024-11-02T10:00:00
Ganesh Patil,19.102055,72.836426,2024-11-04T18:00:00
Ganesh Patil,19.031609,72.886978,2024-11-05T18:00:00
Ganesh Patil,19.073588,72.863018,2024-11-07T16:00:00
Ganesh Patil,19.092384,72.863563,2024-11-07T03:00:00
Ganesh Patil,19.115729,72.892572,2024-11-08T08:00:00
Ganesh Patil,19.11882,72.911311,2024-11-03T21:00:00
Ganesh Patil,18.54069,73.891652,2024-11-05T00:00:00
Ganesh Patil,28.647144,77.189132,2024-11-06T05:00:00
Ganesh Patil,28.624562,77.223313,2024-11-10T18:00:00
Ganesh Patil,28.628335,77.164237,2024-11-14T12:00:00
Ganesh Patil,28.642064,77.165453,2024-11-09T04:00:00
Harpreet Singh,22.567583,88.373518,2024-11-01T00:00:00
Harpreet Singh,22.599083,88.350236,2024-11-01T09:00:00
Harpreet Singh,22.604771,88.400405,2024-11-01T16:00:00
Harpreet Singh,22.545129,88.331752,2024-11-02T06:00:00
Harpreet Singh,22.598263,88.383419,2024-11-01T08:00:00
Harpreet Singh,28.596003,77.224591,2024-11-03T02:00:00
Harpreet Singh,28.610909,77.244712,2024-11-01T18:00:00
Harpreet Singh,28.617564,77.185879,2024-11-02T04:00:00
Harpreet Singh,28.628291,77.172012,2024-11-03T16:00:00
Harpreet Singh,28.571488,77.247649,2024-11-03T15:00:00
Harpreet Singh,28.637892,77.183809,2024-11-03T12:00:00
Harpreet Singh,28.654576,77.224369,2024-11-06T12:00:00
Harpreet Singh,26.858731,80.945476,2024-11-04T12:00:00
Harpreet Singh,26.885599,80.970194,2024-11-06T23:00:00
Harpreet Singh,22.56152,88.383489,2024-11-05T16:00:00
Harpreet Singh,22.598283,88.405904,2024-11-06T00:00:00
Harpreet Singh,22.547695,88.329277,2024-11-03T00:00:00
Harpreet Singh,22.594274,88.403288,2024-11-03T03:00:00
Harpreet Singh,22.539034,88.347087,2024-11-07T00:00:00
Harpreet Singh,22.527706,88.32443,2024-11-08T22:00:00
Harpreet Singh,22.562523,88.357026,2024-11-06T20:00:00
Harpreet Singh,22.611692,88.330234,2024-11-11T12:00:00
Harpreet Singh,22.547568,88.354469,2024-11-10T04:00:00
Harpreet Singh,22.556017,88.392382,2024-11-06T18:00:00
Harpreet Singh,22.572585,88.359917,2024-11-12T00:00:00
Harpreet Singh,22.594858,88.395353,2024-11-03T02:00:00
Harpreet Singh,22.555383,88.408074,2024-11-04T06:00:00
Harpreet Singh,22.603922,88.370564,2024-11-14T12:00:00
Harpreet Singh,22.572152,88.382291,2024-11-10T08:00:00
Harpreet Singh,22.541312,88.383428,2024-11-07T01:00:00
Imran Ali,19.108142,72.898186,2024-11-01T00:00:00
Imran Ali,19.090347,72.909098,2024-11-01T02:00:00
Imran Ali,19.061352,72.893727,2024-11-01T14:00:00
Imran Ali,19.066186,72.880209,2024-11-01T18:00:00
Imran Ali,19.114114,72.895818,2024-11-02T16:00:00
Imran Ali,19.042748,72.900427,2024-11-03T07:00:00
Imran Ali,19.035831,72.916851,2024-11-02T12:00:00
Imran Ali,19.045702,72.845048,2024-11-03T15:00:00
Imran Ali,19.044002,72.852307,2024-11-02T16:00:00
Imran Ali,19.031778,72.898057,2024-11-05T03:00:00
Imran Ali,12.960479,77.638087,2024-11-06T00:00:00
Imran Ali,13.009977,77.558208,2024-11-05T03:00:00
Imran Ali,12.931282,77.637868,2024-11-07T00:00:00
Imran Ali,12.965638,77.562939,2024-11-05T08:00:00
Imran Ali,12.937258,77.585289,2024-11-04T12:00:00
Imran Ali,13.012551,77.608365,2024-11-06T00:00:00
Imran Ali,13.015849,77.609982,2024-11-03T00:00:00
Imran Ali,13.004473,77.608142,2024-11-05T06:00:00
Imran Ali,12.966656,77.5506,2024-11-03T06:00:00
Imran Ali,26.92514,75.8241,2024-11-04T23:00:00
Imran Ali,23.066405,72.569553,2024-11-03T12:00:00
Imran Ali,22.99377,72.569976,2024-11-11T12:00:00
Jaya Sharma,13.048938,80.254955,2024-11-01T00:00:00
Jaya Sharma,13.110886,80.227434,2024-11-01T10:00:00
Jaya Sharma,13.108238,80.273411,2024-11-01T06:00:00
Jaya Sharma,13.090333,80.289957,2024-11-02T12:00:00
Jaya Sharma,17.426953,78.52252,2024-11-01T16:00:00
Jaya Sharma,17.402587,78.442135,2024-11-02T21:00:00
Jaya Sharma,17.35104,78.45326,2024-11-02T06:00:00
Jaya Sharma,17.347867,78.464787,2024-11-01T14:00:00
Jaya Sharma,28.614454,77.196708,2024-11-04T08:00:00
Jaya Sharma,28.656882,77.223249,2024-11-02T21:00:00
Jaya Sharma,28.6541,77.210752,2024-11-03T12:00:00
Jaya Sharma,28.608938,77.215943,2024-11-04T05:00:00
Jaya Sharma,28.657686,77.195677,2024-11-06T00:00:00
Jaya Sharma,28.630831,77.22365,2024-11-02T02:00:00
Jaya Sharma,28.585799,77.190956,2024-11-03T22:00:00
Jaya Sharma,28.623102,77.183418,2024-11-05T09:00:00
Jaya Sharma,28.63454,77.201974,2024-11-07T16:00:00
Jaya Sharma,28.60325,77.245366,2024-11-06T16:00:00
Jaya Sharma,28.653967,77.224903,2024-11-04T00:00:00
Jaya Sharma,28.575212,77.229962,2024-11-10T12:00:00
Jaya Sharma,28.586209,77.197481,2024-11-11T00:00:00
Jaya Sharma,28.614929,77.178734,2024-11-04T12:00:00
Jaya Sharma,28.639826,77.198094,2024-11-11T02:00:00
Jaya Sharma,28.593191,77.211835,2024-11-12T12:00:00
Jaya Sharma,28.574797,77.221629,2024-11-08T00:00:00
Jaya Sharma,28.638951,77.177138,2024-11-06T05:00:00
Jaya Sharma,28.577679,77.252197,2024-11-06T10:00:00
Jaya Sharma,28.578315,77.247346,2024-11-05T12:00:00
Jaya Sharma,28.64773,77.217002,2024-11-11T12:00:00
